video_id,ai_run,item_id,score,imputed,imputation_reason
V001,R1,U1,4,0,
V001,R1,U2,4,0,
V001,R1,U3,4,0,
V001,R1,U4,4,0,
V001,R1,U5,5,0,
V001,R1,U6,5,0,
V001,R1,U7,5,0,
V001,R1,U8,5,0,
V001,R1,U9,5,0,
V001,R1,U10,5,0,
V001,R1,U11,5,0,
V001,R1,U12,5,0,
V001,R1,U13,5,0,
V001,R1,U14,5,0,
V001,R1,U15,5,0,
V001,R1,U16,5,0,
V001,R1,U17,5,0,
V001,R1,U18,5,0,
V001,R1,U19,5,0,
V001,R1,U20,5,0,
V001,R2,U1,4,0,
V001,R2,U2,4,0,
V001,R2,U3,4,0,
V001,R2,U4,3,0,
V001,R2,U5,5,0,
V001,R2,U6,5,0,
V001,R2,U7,4,0,
V001,R2,U8,5,0,
V001,R2,U9,4,0,
V001,R2,U10,5,0,
V001,R2,U11,5,0,
V001,R2,U12,4,0,
V001,R2,U13,5,0,
V001,R2,U14,5,0,
V001,R2,U15,5,0,
V001,R2,U16,5,0,
V001,R2,U17,5,0,
V001,R2,U18,5,0,
V001,R2,U19,5,0,
V001,R2,U20,5,0,
V001,R3,U1,4,0,
V001,R3,U2,4,0,
V001,R3,U3,2,0,
V001,R3,U4,3,0,
V001,R3,U5,4,0,
V001,R3,U6,4,0,
V001,R3,U7,3,0,
V001,R3,U8,5,0,
V001,R3,U9,4,0,
V001,R3,U10,5,0,
V001,R3,U11,5,0,
V001,R3,U12,4,0,
V001,R3,U13,4,0,
V001,R3,U14,5,0,
V001,R3,U15,5,0,
V001,R3,U16,5,0,
V001,R3,U17,5,0,
V001,R3,U18,5,0,
V001,R3,U19,4,0,
V001,R3,U20,5,0,
V001,R4,U1,4,0,
V001,R4,U2,4,0,
V001,R4,U3,4,0,
V001,R4,U4,4,0,
V001,R4,U5,4,0,
V001,R4,U6,5,0,
V001,R4,U7,4,0,
V001,R4,U8,5,0,
V001,R4,U9,5,0,
V001,R4,U10,5,0,
V001,R4,U11,5,0,
V001,R4,U12,4,0,
V001,R4,U13,5,0,
V001,R4,U14,5,0,
V001,R4,U15,4,0,
V001,R4,U16,5,0,
V001,R4,U17,5,0,
V001,R4,U18,5,0,
V001,R4,U19,5,0,
V001,R4,U20,5,0,
V001,R5,U1,4,0,
V001,R5,U2,4,0,
V001,R5,U3,4,0,
V001,R5,U4,3,0,
V001,R5,U5,5,0,
V001,R5,U6,5,0,
V001,R5,U7,4,0,
V001,R5,U8,4,0,
V001,R5,U9,4,0,
V001,R5,U10,5,0,
V001,R5,U11,5,0,
V001,R5,U12,5,0,
V001,R5,U13,5,0,
V001,R5,U14,5,0,
V001,R5,U15,5,0,
V001,R5,U16,5,0,
V001,R5,U17,5,0,
V001,R5,U18,5,0,
V001,R5,U19,5,0,
V001,R5,U20,5,0,
V002,R1,U1,4,0,
V002,R1,U2,4,0,
V002,R1,U3,4,0,
V002,R1,U4,5,0,
V002,R1,U5,4,0,
V002,R1,U6,5,0,
V002,R1,U7,5,0,
V002,R1,U8,5,0,
V002,R1,U9,5,0,
V002,R1,U10,5,0,
V002,R1,U11,5,0,
V002,R1,U12,5,0,
V002,R1,U13,5,0,
V002,R1,U14,5,0,
V002,R1,U15,5,0,
V002,R1,U16,5,0,
V002,R1,U17,5,0,
V002,R1,U18,5,0,
V002,R1,U19,4,0,
V002,R1,U20,4,0,
V002,R2,U1,4,0,
V002,R2,U2,4,0,
V002,R2,U3,4,0,
V002,R2,U4,4,0,
V002,R2,U5,5,0,
V002,R2,U6,5,0,
V002,R2,U7,5,0,
V002,R2,U8,5,0,
V002,R2,U9,5,0,
V002,R2,U10,5,0,
V002,R2,U11,5,0,
V002,R2,U12,5,0,
V002,R2,U13,5,0,
V002,R2,U14,5,0,
V002,R2,U15,5,0,
V002,R2,U16,5,0,
V002,R2,U17,5,0,
V002,R2,U18,5,0,
V002,R2,U19,5,0,
V002,R2,U20,5,0,
V002,R3,U1,4,0,
V002,R3,U2,4,0,
V002,R3,U3,4,0,
V002,R3,U4,4,0,
V002,R3,U5,5,0,
V002,R3,U6,5,0,
V002,R3,U7,5,0,
V002,R3,U8,5,0,
V002,R3,U9,5,0,
V002,R3,U10,5,0,
V002,R3,U11,5,0,
V002,R3,U12,5,0,
V002,R3,U13,5,0,
V002,R3,U14,5,0,
V002,R3,U15,5,0,
V002,R3,U16,5,0,
V002,R3,U17,5,0,
V002,R3,U18,5,0,
V002,R3,U19,4,0,
V002,R3,U20,5,0,
V002,R4,U1,4,0,
V002,R4,U2,5,0,
V002,R4,U3,4,0,
V002,R4,U4,4,0,
V002,R4,U5,5,0,
V002,R4,U6,5,0,
V002,R4,U7,5,0,
V002,R4,U8,5,0,
V002,R4,U9,5,0,
V002,R4,U10,5,0,
V002,R4,U11,5,0,
V002,R4,U12,5,0,
V002,R4,U13,5,0,
V002,R4,U14,5,0,
V002,R4,U15,5,0,
V002,R4,U16,5,0,
V002,R4,U17,5,0,
V002,R4,U18,5,0,
V002,R4,U19,4,0,
V002,R4,U20,5,0,
V002,R5,U1,4,0,
V002,R5,U2,4,0,
V002,R5,U3,3,0,
V002,R5,U4,4,0,
V002,R5,U5,5,0,
V002,R5,U6,5,0,
V002,R5,U7,4,0,
V002,R5,U8,4,0,
V002,R5,U9,5,0,
V002,R5,U10,5,0,
V002,R5,U11,5,0,
V002,R5,U12,4,0,
V002,R5,U13,5,0,
V002,R5,U14,5,0,
V002,R5,U15,4,0,
V002,R5,U16,5,0,
V002,R5,U17,5,0,
V002,R5,U18,5,0,
V002,R5,U19,4,0,
V002,R5,U20,4,0,
V003,R1,U1,4,0,
V003,R1,U2,4,0,
V003,R1,U3,4,0,
V003,R1,U4,3,0,
V003,R1,U5,4,0,
V003,R1,U6,4,0,
V003,R1,U7,4,0,
V003,R1,U8,4,0,
V003,R1,U9,4,0,
V003,R1,U10,4,0,
V003,R1,U11,5,0,
V003,R1,U12,4,0,
V003,R1,U13,5,0,
V003,R1,U14,5,0,
V003,R1,U15,5,0,
V003,R1,U16,5,0,
V003,R1,U17,5,0,
V003,R1,U18,5,0,
V003,R1,U19,5,0,
V003,R1,U20,5,0,
V003,R2,U1,4,0,
V003,R2,U2,4,0,
V003,R2,U3,4,0,
V003,R2,U4,3,0,
V003,R2,U5,4,0,
V003,R2,U6,4,0,
V003,R2,U7,4,0,
V003,R2,U8,4,0,
V003,R2,U9,4,0,
V003,R2,U10,4,0,
V003,R2,U11,5,0,
V003,R2,U12,4,0,
V003,R2,U13,4,0,
V003,R2,U14,4,0,
V003,R2,U15,5,0,
V003,R2,U16,5,0,
V003,R2,U17,5,0,
V003,R2,U18,5,0,
V003,R2,U19,5,0,
V003,R2,U20,5,0,
V003,R3,U1,4,0,
V003,R3,U2,4,0,
V003,R3,U3,4,0,
V003,R3,U4,4,0,
V003,R3,U5,5,0,
V003,R3,U6,4,0,
V003,R3,U7,5,0,
V003,R3,U8,4,0,
V003,R3,U9,5,0,
V003,R3,U10,5,0,
V003,R3,U11,5,0,
V003,R3,U12,5,0,
V003,R3,U13,5,0,
V003,R3,U14,5,0,
V003,R3,U15,5,0,
V003,R3,U16,5,0,
V003,R3,U17,5,0,
V003,R3,U18,5,0,
V003,R3,U19,5,0,
V003,R3,U20,5,0,
V003,R4,U1,4,0,
V003,R4,U2,4,0,
V003,R4,U3,5,0,
V003,R4,U4,4,0,
V003,R4,U5,4,0,
V003,R4,U6,5,0,
V003,R4,U7,4,0,
V003,R4,U8,4,0,
V003,R4,U9,5,0,
V003,R4,U10,5,0,
V003,R4,U11,5,0,
V003,R4,U12,4,0,
V003,R4,U13,5,0,
V003,R4,U14,5,0,
V003,R4,U15,5,0,
V003,R4,U16,5,0,
V003,R4,U17,5,0,
V003,R4,U18,5,0,
V003,R4,U19,5,0,
V003,R4,U20,5,0,
V003,R5,U1,4,0,
V003,R5,U2,4,0,
V003,R5,U3,4,0,
V003,R5,U4,4,0,
V003,R5,U5,4,0,
V003,R5,U6,5,0,
V003,R5,U7,5,0,
V003,R5,U8,5,0,
V003,R5,U9,5,0,
V003,R5,U10,5,0,
V003,R5,U11,5,0,
V003,R5,U12,5,0,
V003,R5,U13,5,0,
V003,R5,U14,5,0,
V003,R5,U15,5,0,
V003,R5,U16,5,0,
V003,R5,U17,5,0,
V003,R5,U18,5,0,
V003,R5,U19,5,0,
V003,R5,U20,5,0,
V004,R1,U1,4,0,
V004,R1,U2,4,0,
V004,R1,U3,4,0,
V004,R1,U4,4,0,
V004,R1,U5,4,0,
V004,R1,U6,5,0,
V004,R1,U7,5,0,
V004,R1,U8,5,0,
V004,R1,U9,5,0,
V004,R1,U10,5,0,
V004,R1,U11,5,0,
V004,R1,U12,4,0,
V004,R1,U13,5,0,
V004,R1,U14,5,0,
V004,R1,U15,5,0,
V004,R1,U16,5,0,
V004,R1,U17,5,0,
V004,R1,U18,5,0,
V004,R1,U19,5,0,
V004,R1,U20,5,0,
V004,R2,U1,4,0,
V004,R2,U2,4,0,
V004,R2,U3,5,0,
V004,R2,U4,4,0,
V004,R2,U5,4,0,
V004,R2,U6,5,0,
V004,R2,U7,5,0,
V004,R2,U8,5,0,
V004,R2,U9,4,0,
V004,R2,U10,5,0,
V004,R2,U11,5,0,
V004,R2,U12,4,0,
V004,R2,U13,5,0,
V004,R2,U14,5,0,
V004,R2,U15,5,0,
V004,R2,U16,4,0,
V004,R2,U17,5,0,
V004,R2,U18,5,0,
V004,R2,U19,5,0,
V004,R2,U20,4,0,
V004,R3,U1,4,0,
V004,R3,U2,4,0,
V004,R3,U3,5,0,
V004,R3,U4,4,0,
V004,R3,U5,4,0,
V004,R3,U6,5,0,
V004,R3,U7,5,0,
V004,R3,U8,5,0,
V004,R3,U9,5,0,
V004,R3,U10,5,0,
V004,R3,U11,5,0,
V004,R3,U12,5,0,
V004,R3,U13,5,0,
V004,R3,U14,5,0,
V004,R3,U15,4,0,
V004,R3,U16,5,0,
V004,R3,U17,5,0,
V004,R3,U18,5,0,
V004,R3,U19,5,0,
V004,R3,U20,5,0,
V004,R4,U1,4,0,
V004,R4,U2,4,0,
V004,R4,U3,4,0,
V004,R4,U4,4,0,
V004,R4,U5,5,0,
V004,R4,U6,5,0,
V004,R4,U7,5,0,
V004,R4,U8,5,0,
V004,R4,U9,5,0,
V004,R4,U10,5,0,
V004,R4,U11,5,0,
V004,R4,U12,4,0,
V004,R4,U13,5,0,
V004,R4,U14,5,0,
V004,R4,U15,4,0,
V004,R4,U16,5,0,
V004,R4,U17,5,0,
V004,R4,U18,5,0,
V004,R4,U19,5,0,
V004,R4,U20,5,0,
V004,R5,U1,5,0,
V004,R5,U2,4,0,
V004,R5,U3,5,0,
V004,R5,U4,4,0,
V004,R5,U5,4,0,
V004,R5,U6,4,0,
V004,R5,U7,5,0,
V004,R5,U8,4,0,
V004,R5,U9,4,0,
V004,R5,U10,4,0,
V004,R5,U11,4,0,
V004,R5,U12,4,0,
V004,R5,U13,4,0,
V004,R5,U14,4,0,
V004,R5,U15,4,0,
V004,R5,U16,5,0,
V004,R5,U17,5,0,
V004,R5,U18,5,0,
V004,R5,U19,4,0,
V004,R5,U20,4,0,
V005,R1,U1,4,0,
V005,R1,U2,5,0,
V005,R1,U3,4,0,
V005,R1,U4,1,0,
V005,R1,U5,5,0,
V005,R1,U6,5,0,
V005,R1,U7,5,0,
V005,R1,U8,5,0,
V005,R1,U9,5,0,
V005,R1,U10,5,0,
V005,R1,U11,5,0,
V005,R1,U12,4,0,
V005,R1,U13,5,0,
V005,R1,U14,5,0,
V005,R1,U15,4,0,
V005,R1,U16,5,0,
V005,R1,U17,5,0,
V005,R1,U18,5,0,
V005,R1,U19,4,0,
V005,R1,U20,4,0,
V005,R2,U1,4,0,
V005,R2,U2,4,0,
V005,R2,U3,3,0,
V005,R2,U4,3,0,
V005,R2,U5,4,0,
V005,R2,U6,5,0,
V005,R2,U7,4,0,
V005,R2,U8,4,0,
V005,R2,U9,5,0,
V005,R2,U10,4,0,
V005,R2,U11,5,0,
V005,R2,U12,4,0,
V005,R2,U13,5,0,
V005,R2,U14,4,0,
V005,R2,U15,4,0,
V005,R2,U16,5,0,
V005,R2,U17,5,0,
V005,R2,U18,5,0,
V005,R2,U19,4,0,
V005,R2,U20,4,0,
V005,R3,U1,4,0,
V005,R3,U2,4,0,
V005,R3,U3,4,0,
V005,R3,U4,3,0,
V005,R3,U5,4,0,
V005,R3,U6,4,0,
V005,R3,U7,5,0,
V005,R3,U8,4,0,
V005,R3,U9,5,0,
V005,R3,U10,5,0,
V005,R3,U11,5,0,
V005,R3,U12,5,0,
V005,R3,U13,5,0,
V005,R3,U14,4,0,
V005,R3,U15,4,0,
V005,R3,U16,5,0,
V005,R3,U17,5,0,
V005,R3,U18,4,0,
V005,R3,U19,4,0,
V005,R3,U20,4,0,
V005,R4,U1,4,0,
V005,R4,U2,4,0,
V005,R4,U3,2,0,
V005,R4,U4,3,0,
V005,R4,U5,4,0,
V005,R4,U6,5,0,
V005,R4,U7,5,0,
V005,R4,U8,4,0,
V005,R4,U9,4,0,
V005,R4,U10,5,0,
V005,R4,U11,4,0,
V005,R4,U12,4,0,
V005,R4,U13,5,0,
V005,R4,U14,5,0,
V005,R4,U15,5,0,
V005,R4,U16,5,0,
V005,R4,U17,5,0,
V005,R4,U18,5,0,
V005,R4,U19,4,0,
V005,R4,U20,4,0,
V005,R5,U1,4,0,
V005,R5,U2,5,0,
V005,R5,U3,4,0,
V005,R5,U4,3,0,
V005,R5,U5,5,0,
V005,R5,U6,5,0,
V005,R5,U7,5,0,
V005,R5,U8,5,0,
V005,R5,U9,5,0,
V005,R5,U10,5,0,
V005,R5,U11,5,0,
V005,R5,U12,5,0,
V005,R5,U13,5,0,
V005,R5,U14,5,0,
V005,R5,U15,5,0,
V005,R5,U16,5,0,
V005,R5,U17,5,0,
V005,R5,U18,5,0,
V005,R5,U19,5,0,
V005,R5,U20,5,0,
V006,R1,U1,4,0,
V006,R1,U2,4,0,
V006,R1,U3,5,0,
V006,R1,U4,3,0,
V006,R1,U5,5,0,
V006,R1,U6,5,0,
V006,R1,U7,3,0,
V006,R1,U8,5,0,
V006,R1,U9,5,0,
V006,R1,U10,5,0,
V006,R1,U11,5,0,
V006,R1,U12,5,0,
V006,R1,U13,5,0,
V006,R1,U14,5,0,
V006,R1,U15,2,0,
V006,R1,U16,5,0,
V006,R1,U17,5,0,
V006,R1,U18,5,0,
V006,R1,U19,5,0,
V006,R1,U20,4,0,
V006,R2,U1,4,0,
V006,R2,U2,4,0,
V006,R2,U3,5,0,
V006,R2,U4,4,0,
V006,R2,U5,5,0,
V006,R2,U6,5,0,
V006,R2,U7,4,0,
V006,R2,U8,5,0,
V006,R2,U9,5,0,
V006,R2,U10,5,0,
V006,R2,U11,5,0,
V006,R2,U12,5,0,
V006,R2,U13,5,0,
V006,R2,U14,5,0,
V006,R2,U15,2,0,
V006,R2,U16,5,0,
V006,R2,U17,5,0,
V006,R2,U18,5,0,
V006,R2,U19,5,0,
V006,R2,U20,4,0,
V006,R3,U1,4,0,
V006,R3,U2,4,0,
V006,R3,U3,4,0,
V006,R3,U4,4,0,
V006,R3,U5,5,0,
V006,R3,U6,5,0,
V006,R3,U7,5,0,
V006,R3,U8,5,0,
V006,R3,U9,5,0,
V006,R3,U10,5,0,
V006,R3,U11,5,0,
V006,R3,U12,5,0,
V006,R3,U13,5,0,
V006,R3,U14,5,0,
V006,R3,U15,3,0,
V006,R3,U16,5,0,
V006,R3,U17,5,0,
V006,R3,U18,5,0,
V006,R3,U19,5,0,
V006,R3,U20,5,0,
V006,R4,U1,4,0,
V006,R4,U2,4,0,
V006,R4,U3,4,0,
V006,R4,U4,3,0,
V006,R4,U5,5,0,
V006,R4,U6,5,0,
V006,R4,U7,5,0,
V006,R4,U8,5,0,
V006,R4,U9,4,0,
V006,R4,U10,5,0,
V006,R4,U11,5,0,
V006,R4,U12,5,0,
V006,R4,U13,5,0,
V006,R4,U14,5,0,
V006,R4,U15,3,0,
V006,R4,U16,5,0,
V006,R4,U17,5,0,
V006,R4,U18,5,0,
V006,R4,U19,5,0,
V006,R4,U20,5,0,
V006,R5,U1,4,0,
V006,R5,U2,5,0,
V006,R5,U3,5,0,
V006,R5,U4,4,0,
V006,R5,U5,5,0,
V006,R5,U6,5,0,
V006,R5,U7,5,0,
V006,R5,U8,5,0,
V006,R5,U9,4,0,
V006,R5,U10,5,0,
V006,R5,U11,5,0,
V006,R5,U12,5,0,
V006,R5,U13,5,0,
V006,R5,U14,5,0,
V006,R5,U15,4,0,
V006,R5,U16,5,0,
V006,R5,U17,5,0,
V006,R5,U18,5,0,
V006,R5,U19,5,0,
V006,R5,U20,5,0,
V007,R1,U1,4,0,
V007,R1,U2,5,0,
V007,R1,U3,4,0,
V007,R1,U4,4,0,
V007,R1,U5,5,0,
V007,R1,U6,5,0,
V007,R1,U7,5,0,
V007,R1,U8,5,0,
V007,R1,U9,5,0,
V007,R1,U10,5,0,
V007,R1,U11,5,0,
V007,R1,U12,5,0,
V007,R1,U13,5,0,
V007,R1,U14,5,0,
V007,R1,U15,4,0,
V007,R1,U16,5,0,
V007,R1,U17,5,0,
V007,R1,U18,5,0,
V007,R1,U19,5,0,
V007,R1,U20,5,0,
V007,R2,U1,4,0,
V007,R2,U2,4,0,
V007,R2,U3,4,0,
V007,R2,U4,5,0,
V007,R2,U5,4,0,
V007,R2,U6,5,0,
V007,R2,U7,5,0,
V007,R2,U8,5,0,
V007,R2,U9,5,0,
V007,R2,U10,5,0,
V007,R2,U11,5,0,
V007,R2,U12,5,0,
V007,R2,U13,5,0,
V007,R2,U14,5,0,
V007,R2,U15,5,0,
V007,R2,U16,5,0,
V007,R2,U17,5,0,
V007,R2,U18,5,0,
V007,R2,U19,5,0,
V007,R2,U20,5,0,
V007,R3,U1,4,0,
V007,R3,U2,4,0,
V007,R3,U3,3,0,
V007,R3,U4,4,0,
V007,R3,U5,4,0,
V007,R3,U6,5,0,
V007,R3,U7,5,0,
V007,R3,U8,5,0,
V007,R3,U9,5,0,
V007,R3,U10,5,0,
V007,R3,U11,5,0,
V007,R3,U12,5,0,
V007,R3,U13,5,0,
V007,R3,U14,5,0,
V007,R3,U15,5,0,
V007,R3,U16,5,0,
V007,R3,U17,5,0,
V007,R3,U18,5,0,
V007,R3,U19,5,0,
V007,R3,U20,5,0,
V007,R4,U1,4,0,
V007,R4,U2,5,0,
V007,R4,U3,4,0,
V007,R4,U4,4,0,
V007,R4,U5,5,0,
V007,R4,U6,5,0,
V007,R4,U7,5,0,
V007,R4,U8,5,0,
V007,R4,U9,4,0,
V007,R4,U10,5,0,
V007,R4,U11,5,0,
V007,R4,U12,5,0,
V007,R4,U13,5,0,
V007,R4,U14,5,0,
V007,R4,U15,4,0,
V007,R4,U16,5,0,
V007,R4,U17,5,0,
V007,R4,U18,5,0,
V007,R4,U19,4,0,
V007,R4,U20,5,0,
V007,R5,U1,4,0,
V007,R5,U2,5,0,
V007,R5,U3,4,0,
V007,R5,U4,5,0,
V007,R5,U5,5,0,
V007,R5,U6,5,0,
V007,R5,U7,5,0,
V007,R5,U8,5,0,
V007,R5,U9,5,0,
V007,R5,U10,5,0,
V007,R5,U11,5,0,
V007,R5,U12,5,0,
V007,R5,U13,5,0,
V007,R5,U14,5,0,
V007,R5,U15,5,0,
V007,R5,U16,5,0,
V007,R5,U17,5,0,
V007,R5,U18,5,0,
V007,R5,U19,5,0,
V007,R5,U20,5,0,
V008,R1,U1,4,0,
V008,R1,U2,4,0,
V008,R1,U3,5,0,
V008,R1,U4,3,0,
V008,R1,U5,4,0,
V008,R1,U6,5,0,
V008,R1,U7,4,0,
V008,R1,U8,5,0,
V008,R1,U9,4,0,
V008,R1,U10,5,0,
V008,R1,U11,4,0,
V008,R1,U12,4,0,
V008,R1,U13,5,0,
V008,R1,U14,4,0,
V008,R1,U15,4,0,
V008,R1,U16,5,0,
V008,R1,U17,5,0,
V008,R1,U18,5,0,
V008,R1,U19,4,0,
V008,R1,U20,4,0,
V008,R2,U1,4,0,
V008,R2,U2,4,0,
V008,R2,U3,5,0,
V008,R2,U4,3,0,
V008,R2,U5,3,0,
V008,R2,U6,5,0,
V008,R2,U7,4,0,
V008,R2,U8,5,0,
V008,R2,U9,4,0,
V008,R2,U10,5,0,
V008,R2,U11,5,0,
V008,R2,U12,4,0,
V008,R2,U13,5,0,
V008,R2,U14,4,0,
V008,R2,U15,5,0,
V008,R2,U16,5,0,
V008,R2,U17,5,0,
V008,R2,U18,5,0,
V008,R2,U19,4,0,
V008,R2,U20,4,0,
V008,R3,U1,4,0,
V008,R3,U2,4,0,
V008,R3,U3,5,0,
V008,R3,U4,3,0,
V008,R3,U5,4,0,
V008,R3,U6,5,0,
V008,R3,U7,5,0,
V008,R3,U8,5,0,
V008,R3,U9,5,0,
V008,R3,U10,5,0,
V008,R3,U11,5,0,
V008,R3,U12,4,0,
V008,R3,U13,4,0,
V008,R3,U14,5,0,
V008,R3,U15,5,0,
V008,R3,U16,5,0,
V008,R3,U17,5,0,
V008,R3,U18,5,0,
V008,R3,U19,4,0,
V008,R3,U20,4,0,
V008,R4,U1,4,0,
V008,R4,U2,4,0,
V008,R4,U3,5,0,
V008,R4,U4,1,0,
V008,R4,U5,3,0,
V008,R4,U6,4,0,
V008,R4,U7,4,0,
V008,R4,U8,4,0,
V008,R4,U9,5,0,
V008,R4,U10,4,0,
V008,R4,U11,4,0,
V008,R4,U12,5,0,
V008,R4,U13,5,0,
V008,R4,U14,4,0,
V008,R4,U15,5,0,
V008,R4,U16,5,0,
V008,R4,U17,5,0,
V008,R4,U18,5,0,
V008,R4,U19,5,0,
V008,R4,U20,4,0,
V008,R5,U1,4,0,
V008,R5,U2,4,0,
V008,R5,U3,5,0,
V008,R5,U4,4,0,
V008,R5,U5,3,0,
V008,R5,U6,4,0,
V008,R5,U7,4,0,
V008,R5,U8,5,0,
V008,R5,U9,5,0,
V008,R5,U10,5,0,
V008,R5,U11,5,0,
V008,R5,U12,4,0,
V008,R5,U13,5,0,
V008,R5,U14,4,0,
V008,R5,U15,5,0,
V008,R5,U16,5,0,
V008,R5,U17,5,0,
V008,R5,U18,5,0,
V008,R5,U19,4,0,
V008,R5,U20,4,0,
V009,R1,U1,4,0,
V009,R1,U2,4,0,
V009,R1,U3,4,0,
V009,R1,U4,4,0,
V009,R1,U5,5,0,
V009,R1,U6,5,0,
V009,R1,U7,4,0,
V009,R1,U8,5,0,
V009,R1,U9,5,0,
V009,R1,U10,5,0,
V009,R1,U11,5,0,
V009,R1,U12,4,0,
V009,R1,U13,5,0,
V009,R1,U14,5,0,
V009,R1,U15,4,0,
V009,R1,U16,5,0,
V009,R1,U17,5,0,
V009,R1,U18,5,0,
V009,R1,U19,5,0,
V009,R1,U20,5,0,
V009,R2,U1,4,0,
V009,R2,U2,4,0,
V009,R2,U3,4,0,
V009,R2,U4,5,0,
V009,R2,U5,5,0,
V009,R2,U6,5,0,
V009,R2,U7,4,0,
V009,R2,U8,5,0,
V009,R2,U9,5,0,
V009,R2,U10,5,0,
V009,R2,U11,5,0,
V009,R2,U12,5,0,
V009,R2,U13,5,0,
V009,R2,U14,5,0,
V009,R2,U15,5,0,
V009,R2,U16,5,0,
V009,R2,U17,5,0,
V009,R2,U18,5,0,
V009,R2,U19,5,0,
V009,R2,U20,5,0,
V009,R3,U1,4,0,
V009,R3,U2,4,0,
V009,R3,U3,4,0,
V009,R3,U4,5,0,
V009,R3,U5,5,0,
V009,R3,U6,5,0,
V009,R3,U7,5,0,
V009,R3,U8,5,0,
V009,R3,U9,5,0,
V009,R3,U10,5,0,
V009,R3,U11,5,0,
V009,R3,U12,4,0,
V009,R3,U13,5,0,
V009,R3,U14,5,0,
V009,R3,U15,4,0,
V009,R3,U16,5,0,
V009,R3,U17,5,0,
V009,R3,U18,5,0,
V009,R3,U19,5,0,
V009,R3,U20,5,0,
V009,R4,U1,4,0,
V009,R4,U2,4,0,
V009,R4,U3,5,0,
V009,R4,U4,5,0,
V009,R4,U5,5,0,
V009,R4,U6,5,0,
V009,R4,U7,4,0,
V009,R4,U8,5,0,
V009,R4,U9,5,0,
V009,R4,U10,5,0,
V009,R4,U11,5,0,
V009,R4,U12,5,0,
V009,R4,U13,5,0,
V009,R4,U14,5,0,
V009,R4,U15,5,0,
V009,R4,U16,5,0,
V009,R4,U17,5,0,
V009,R4,U18,5,0,
V009,R4,U19,5,0,
V009,R4,U20,5,0,
V009,R5,U1,4,0,
V009,R5,U2,4,0,
V009,R5,U3,5,0,
V009,R5,U4,5,0,
V009,R5,U5,4,0,
V009,R5,U6,4,0,
V009,R5,U7,4,0,
V009,R5,U8,4,0,
V009,R5,U9,4,0,
V009,R5,U10,4,0,
V009,R5,U11,4,0,
V009,R5,U12,4,0,
V009,R5,U13,5,0,
V009,R5,U14,4,0,
V009,R5,U15,4,0,
V009,R5,U16,5,0,
V009,R5,U17,5,0,
V009,R5,U18,5,0,
V009,R5,U19,5,0,
V009,R5,U20,4,0,
V010,R1,U1,3,0,
V010,R1,U2,4,0,
V010,R1,U3,5,0,
V010,R1,U4,4,0,
V010,R1,U5,5,0,
V010,R1,U6,5,0,
V010,R1,U7,4,0,
V010,R1,U8,5,0,
V010,R1,U9,4,0,
V010,R1,U10,5,0,
V010,R1,U11,5,0,
V010,R1,U12,4,0,
V010,R1,U13,5,0,
V010,R1,U14,5,0,
V010,R1,U15,4,0,
V010,R1,U16,5,0,
V010,R1,U17,5,0,
V010,R1,U18,5,0,
V010,R1,U19,4,0,
V010,R1,U20,4,0,
V010,R2,U1,4,0,
V010,R2,U2,4,0,
V010,R2,U3,5,0,
V010,R2,U4,4,0,
V010,R2,U5,5,0,
V010,R2,U6,5,0,
V010,R2,U7,5,0,
V010,R2,U8,5,0,
V010,R2,U9,5,0,
V010,R2,U10,5,0,
V010,R2,U11,5,0,
V010,R2,U12,4,0,
V010,R2,U13,5,0,
V010,R2,U14,5,0,
V010,R2,U15,4,0,
V010,R2,U16,5,0,
V010,R2,U17,5,0,
V010,R2,U18,5,0,
V010,R2,U19,5,0,
V010,R2,U20,5,0,
V010,R3,U1,4,0,
V010,R3,U2,4,0,
V010,R3,U3,5,0,
V010,R3,U4,4,0,
V010,R3,U5,5,0,
V010,R3,U6,4,0,
V010,R3,U7,5,0,
V010,R3,U8,5,0,
V010,R3,U9,4,0,
V010,R3,U10,5,0,
V010,R3,U11,5,0,
V010,R3,U12,4,0,
V010,R3,U13,5,0,
V010,R3,U14,5,0,
V010,R3,U15,5,0,
V010,R3,U16,5,0,
V010,R3,U17,5,0,
V010,R3,U18,5,0,
V010,R3,U19,5,0,
V010,R3,U20,5,0,
V010,R4,U1,4,0,
V010,R4,U2,5,0,
V010,R4,U3,5,0,
V010,R4,U4,4,0,
V010,R4,U5,5,0,
V010,R4,U6,5,0,
V010,R4,U7,5,0,
V010,R4,U8,5,0,
V010,R4,U9,5,0,
V010,R4,U10,5,0,
V010,R4,U11,5,0,
V010,R4,U12,5,0,
V010,R4,U13,5,0,
V010,R4,U14,5,0,
V010,R4,U15,5,0,
V010,R4,U16,5,0,
V010,R4,U17,5,0,
V010,R4,U18,5,0,
V010,R4,U19,5,0,
V010,R4,U20,5,0,
V010,R5,U1,4,0,
V010,R5,U2,4,0,
V010,R5,U3,5,0,
V010,R5,U4,4,0,
V010,R5,U5,5,0,
V010,R5,U6,4,0,
V010,R5,U7,4,0,
V010,R5,U8,4,0,
V010,R5,U9,5,0,
V010,R5,U10,5,0,
V010,R5,U11,5,0,
V010,R5,U12,4,0,
V010,R5,U13,5,0,
V010,R5,U14,5,0,
V010,R5,U15,5,0,
V010,R5,U16,5,0,
V010,R5,U17,5,0,
V010,R5,U18,5,0,
V010,R5,U19,5,0,
V010,R5,U20,5,0,
V011,R1,U1,4,0,
V011,R1,U2,4,0,
V011,R1,U3,4,0,
V011,R1,U4,4,0,
V011,R1,U5,5,0,
V011,R1,U6,5,0,
V011,R1,U7,5,0,
V011,R1,U8,4,0,
V011,R1,U9,5,0,
V011,R1,U10,5,0,
V011,R1,U11,5,0,
V011,R1,U12,4,0,
V011,R1,U13,5,0,
V011,R1,U14,5,0,
V011,R1,U15,5,0,
V011,R1,U16,5,0,
V011,R1,U17,5,0,
V011,R1,U18,5,0,
V011,R1,U19,5,0,
V011,R1,U20,5,0,
V011,R2,U1,4,0,
V011,R2,U2,4,0,
V011,R2,U3,2,0,
V011,R2,U4,4,0,
V011,R2,U5,5,0,
V011,R2,U6,5,0,
V011,R2,U7,5,0,
V011,R2,U8,4,0,
V011,R2,U9,4,0,
V011,R2,U10,5,0,
V011,R2,U11,5,0,
V011,R2,U12,4,0,
V011,R2,U13,5,0,
V011,R2,U14,5,0,
V011,R2,U15,3,0,
V011,R2,U16,5,0,
V011,R2,U17,5,0,
V011,R2,U18,5,0,
V011,R2,U19,5,0,
V011,R2,U20,5,0,
V011,R3,U1,4,0,
V011,R3,U2,4,0,
V011,R3,U3,4,0,
V011,R3,U4,4,0,
V011,R3,U5,5,0,
V011,R3,U6,5,0,
V011,R3,U7,5,0,
V011,R3,U8,4,0,
V011,R3,U9,4,0,
V011,R3,U10,5,0,
V011,R3,U11,5,0,
V011,R3,U12,5,0,
V011,R3,U13,5,0,
V011,R3,U14,5,0,
V011,R3,U15,4,0,
V011,R3,U16,5,0,
V011,R3,U17,5,0,
V011,R3,U18,5,0,
V011,R3,U19,5,0,
V011,R3,U20,5,0,
V011,R4,U1,5,0,
V011,R4,U2,4,0,
V011,R4,U3,4,0,
V011,R4,U4,4,0,
V011,R4,U5,4,0,
V011,R4,U6,5,0,
V011,R4,U7,5,0,
V011,R4,U8,4,0,
V011,R4,U9,4,0,
V011,R4,U10,5,0,
V011,R4,U11,5,0,
V011,R4,U12,4,0,
V011,R4,U13,5,0,
V011,R4,U14,5,0,
V011,R4,U15,5,0,
V011,R4,U16,5,0,
V011,R4,U17,5,0,
V011,R4,U18,5,0,
V011,R4,U19,5,0,
V011,R4,U20,5,0,
V011,R5,U1,4,0,
V011,R5,U2,4,0,
V011,R5,U3,3,0,
V011,R5,U4,4,0,
V011,R5,U5,5,0,
V011,R5,U6,5,0,
V011,R5,U7,5,0,
V011,R5,U8,4,0,
V011,R5,U9,4,0,
V011,R5,U10,5,0,
V011,R5,U11,5,0,
V011,R5,U12,4,0,
V011,R5,U13,5,0,
V011,R5,U14,5,0,
V011,R5,U15,3,0,
V011,R5,U16,5,0,
V011,R5,U17,5,0,
V011,R5,U18,5,0,
V011,R5,U19,4,0,
V011,R5,U20,4,0,
V012,R1,U1,4,0,
V012,R1,U2,5,0,
V012,R1,U3,4,0,
V012,R1,U4,5,0,
V012,R1,U5,4,0,
V012,R1,U6,4,0,
V012,R1,U7,3,0,
V012,R1,U8,3,0,
V012,R1,U9,4,0,
V012,R1,U10,3,0,
V012,R1,U11,4,0,
V012,R1,U12,4,0,
V012,R1,U13,5,0,
V012,R1,U14,4,0,
V012,R1,U15,4,0,
V012,R1,U16,5,0,
V012,R1,U17,5,0,
V012,R1,U18,5,0,
V012,R1,U19,4,0,
V012,R1,U20,4,0,
V012,R2,U1,4,0,
V012,R2,U2,4,0,
V012,R2,U3,4,0,
V012,R2,U4,5,0,
V012,R2,U5,3,0,
V012,R2,U6,4,0,
V012,R2,U7,3,0,
V012,R2,U8,3,0,
V012,R2,U9,4,0,
V012,R2,U10,3,0,
V012,R2,U11,4,0,
V012,R2,U12,4,0,
V012,R2,U13,5,0,
V012,R2,U14,4,0,
V012,R2,U15,4,0,
V012,R2,U16,5,0,
V012,R2,U17,5,0,
V012,R2,U18,5,0,
V012,R2,U19,4,0,
V012,R2,U20,4,0,
V012,R3,U1,4,0,
V012,R3,U2,4,0,
V012,R3,U3,4,0,
V012,R3,U4,5,0,
V012,R3,U5,3,0,
V012,R3,U6,4,0,
V012,R3,U7,3,0,
V012,R3,U8,3,0,
V012,R3,U9,4,0,
V012,R3,U10,3,0,
V012,R3,U11,4,0,
V012,R3,U12,4,0,
V012,R3,U13,5,0,
V012,R3,U14,4,0,
V012,R3,U15,4,0,
V012,R3,U16,5,0,
V012,R3,U17,5,0,
V012,R3,U18,5,0,
V012,R3,U19,4,0,
V012,R3,U20,4,0,
V012,R4,U1,4,0,
V012,R4,U2,5,0,
V012,R4,U3,4,0,
V012,R4,U4,5,0,
V012,R4,U5,5,0,
V012,R4,U6,5,0,
V012,R4,U7,3,0,
V012,R4,U8,4,0,
V012,R4,U9,4,0,
V012,R4,U10,4,0,
V012,R4,U11,5,0,
V012,R4,U12,5,0,
V012,R4,U13,5,0,
V012,R4,U14,4,0,
V012,R4,U15,4,0,
V012,R4,U16,5,0,
V012,R4,U17,5,0,
V012,R4,U18,5,0,
V012,R4,U19,4,0,
V012,R4,U20,4,0,
V012,R5,U1,5,0,
V012,R5,U2,5,0,
V012,R5,U3,4,0,
V012,R5,U4,5,0,
V012,R5,U5,5,0,
V012,R5,U6,5,0,
V012,R5,U7,3,0,
V012,R5,U8,4,0,
V012,R5,U9,4,0,
V012,R5,U10,4,0,
V012,R5,U11,5,0,
V012,R5,U12,4,0,
V012,R5,U13,5,0,
V012,R5,U14,5,0,
V012,R5,U15,4,0,
V012,R5,U16,5,0,
V012,R5,U17,5,0,
V012,R5,U18,5,0,
V012,R5,U19,5,0,
V012,R5,U20,4,0,
V013,R1,U1,4,0,
V013,R1,U2,4,0,
V013,R1,U3,5,0,
V013,R1,U4,5,0,
V013,R1,U5,4,0,
V013,R1,U6,4,0,
V013,R1,U7,5,0,
V013,R1,U8,4,0,
V013,R1,U9,4,0,
V013,R1,U10,5,0,
V013,R1,U11,5,0,
V013,R1,U12,5,0,
V013,R1,U13,5,0,
V013,R1,U14,5,0,
V013,R1,U15,5,0,
V013,R1,U16,5,0,
V013,R1,U17,5,0,
V013,R1,U18,5,0,
V013,R1,U19,5,0,
V013,R1,U20,5,0,
V013,R2,U1,4,0,
V013,R2,U2,5,0,
V013,R2,U3,4,0,
V013,R2,U4,4,0,
V013,R2,U5,5,0,
V013,R2,U6,5,0,
V013,R2,U7,5,0,
V013,R2,U8,5,0,
V013,R2,U9,5,0,
V013,R2,U10,5,0,
V013,R2,U11,5,0,
V013,R2,U12,5,0,
V013,R2,U13,5,0,
V013,R2,U14,5,0,
V013,R2,U15,4,0,
V013,R2,U16,5,0,
V013,R2,U17,5,0,
V013,R2,U18,5,0,
V013,R2,U19,5,0,
V013,R2,U20,5,0,
V013,R3,U1,4,0,
V013,R3,U2,4,0,
V013,R3,U3,4,0,
V013,R3,U4,5,0,
V013,R3,U5,5,0,
V013,R3,U6,5,0,
V013,R3,U7,5,0,
V013,R3,U8,5,0,
V013,R3,U9,5,0,
V013,R3,U10,5,0,
V013,R3,U11,5,0,
V013,R3,U12,5,0,
V013,R3,U13,5,0,
V013,R3,U14,5,0,
V013,R3,U15,5,0,
V013,R3,U16,5,0,
V013,R3,U17,5,0,
V013,R3,U18,5,0,
V013,R3,U19,5,0,
V013,R3,U20,5,0,
V013,R4,U1,4,0,
V013,R4,U2,4,0,
V013,R4,U3,4,0,
V013,R4,U4,5,0,
V013,R4,U5,4,0,
V013,R4,U6,4,0,
V013,R4,U7,3,0,
V013,R4,U8,3,0,
V013,R4,U9,4,0,
V013,R4,U10,4,0,
V013,R4,U11,5,0,
V013,R4,U12,5,0,
V013,R4,U13,5,0,
V013,R4,U14,5,0,
V013,R4,U15,5,0,
V013,R4,U16,5,0,
V013,R4,U17,5,0,
V013,R4,U18,5,0,
V013,R4,U19,4,0,
V013,R4,U20,4,0,
V013,R5,U1,4,0,
V013,R5,U2,4,0,
V013,R5,U3,5,0,
V013,R5,U4,5,0,
V013,R5,U5,4,0,
V013,R5,U6,4,0,
V013,R5,U7,5,0,
V013,R5,U8,4,0,
V013,R5,U9,4,0,
V013,R5,U10,4,0,
V013,R5,U11,5,0,
V013,R5,U12,5,0,
V013,R5,U13,5,0,
V013,R5,U14,5,0,
V013,R5,U15,5,0,
V013,R5,U16,5,0,
V013,R5,U17,5,0,
V013,R5,U18,5,0,
V013,R5,U19,4,0,
V013,R5,U20,5,0,
V014,R1,U1,5,0,
V014,R1,U2,4,0,
V014,R1,U3,5,0,
V014,R1,U4,5,0,
V014,R1,U5,5,0,
V014,R1,U6,5,0,
V014,R1,U7,5,0,
V014,R1,U8,5,0,
V014,R1,U9,5,0,
V014,R1,U10,5,0,
V014,R1,U11,5,0,
V014,R1,U12,5,0,
V014,R1,U13,5,0,
V014,R1,U14,5,0,
V014,R1,U15,5,0,
V014,R1,U16,5,0,
V014,R1,U17,5,0,
V014,R1,U18,5,0,
V014,R1,U19,5,0,
V014,R1,U20,5,0,
V014,R2,U1,4,0,
V014,R2,U2,5,0,
V014,R2,U3,5,0,
V014,R2,U4,5,0,
V014,R2,U5,5,0,
V014,R2,U6,5,0,
V014,R2,U7,5,0,
V014,R2,U8,5,0,
V014,R2,U9,5,0,
V014,R2,U10,5,0,
V014,R2,U11,5,0,
V014,R2,U12,5,0,
V014,R2,U13,5,0,
V014,R2,U14,5,0,
V014,R2,U15,5,0,
V014,R2,U16,5,0,
V014,R2,U17,5,0,
V014,R2,U18,5,0,
V014,R2,U19,5,0,
V014,R2,U20,5,0,
V014,R3,U1,4,0,
V014,R3,U2,4,0,
V014,R3,U3,5,0,
V014,R3,U4,5,0,
V014,R3,U5,5,0,
V014,R3,U6,5,0,
V014,R3,U7,5,0,
V014,R3,U8,5,0,
V014,R3,U9,5,0,
V014,R3,U10,5,0,
V014,R3,U11,5,0,
V014,R3,U12,5,0,
V014,R3,U13,5,0,
V014,R3,U14,5,0,
V014,R3,U15,4,0,
V014,R3,U16,5,0,
V014,R3,U17,5,0,
V014,R3,U18,5,0,
V014,R3,U19,4,0,
V014,R3,U20,4,0,
V014,R4,U1,4,0,
V014,R4,U2,4,0,
V014,R4,U3,4,0,
V014,R4,U4,5,0,
V014,R4,U5,5,0,
V014,R4,U6,5,0,
V014,R4,U7,5,0,
V014,R4,U8,5,0,
V014,R4,U9,5,0,
V014,R4,U10,5,0,
V014,R4,U11,5,0,
V014,R4,U12,5,0,
V014,R4,U13,5,0,
V014,R4,U14,5,0,
V014,R4,U15,5,0,
V014,R4,U16,5,0,
V014,R4,U17,5,0,
V014,R4,U18,5,0,
V014,R4,U19,5,0,
V014,R4,U20,5,0,
V014,R5,U1,4,0,
V014,R5,U2,4,0,
V014,R5,U3,5,0,
V014,R5,U4,4,0,
V014,R5,U5,4,0,
V014,R5,U6,5,0,
V014,R5,U7,5,0,
V014,R5,U8,5,0,
V014,R5,U9,5,0,
V014,R5,U10,5,0,
V014,R5,U11,5,0,
V014,R5,U12,5,0,
V014,R5,U13,5,0,
V014,R5,U14,5,0,
V014,R5,U15,4,0,
V014,R5,U16,5,0,
V014,R5,U17,5,0,
V014,R5,U18,5,0,
V014,R5,U19,4,0,
V014,R5,U20,4,0,
V015,R1,U1,4,0,
V015,R1,U2,4,0,
V015,R1,U3,5,0,
V015,R1,U4,4,0,
V015,R1,U5,5,0,
V015,R1,U6,5,0,
V015,R1,U7,3,0,
V015,R1,U8,4,0,
V015,R1,U9,5,0,
V015,R1,U10,5,0,
V015,R1,U11,5,0,
V015,R1,U12,4,0,
V015,R1,U13,5,0,
V015,R1,U14,4,0,
V015,R1,U15,5,0,
V015,R1,U16,5,0,
V015,R1,U17,5,0,
V015,R1,U18,5,0,
V015,R1,U19,5,0,
V015,R1,U20,5,0,
V015,R2,U1,5,0,
V015,R2,U2,4,0,
V015,R2,U3,5,0,
V015,R2,U4,4,0,
V015,R2,U5,5,0,
V015,R2,U6,5,0,
V015,R2,U7,5,0,
V015,R2,U8,4,0,
V015,R2,U9,5,0,
V015,R2,U10,5,0,
V015,R2,U11,5,0,
V015,R2,U12,4,0,
V015,R2,U13,5,0,
V015,R2,U14,5,0,
V015,R2,U15,5,0,
V015,R2,U16,5,0,
V015,R2,U17,5,0,
V015,R2,U18,5,0,
V015,R2,U19,5,0,
V015,R2,U20,5,0,
V015,R3,U1,4,0,
V015,R3,U2,4,0,
V015,R3,U3,5,0,
V015,R3,U4,4,0,
V015,R3,U5,5,0,
V015,R3,U6,5,0,
V015,R3,U7,4,0,
V015,R3,U8,5,0,
V015,R3,U9,5,0,
V015,R3,U10,5,0,
V015,R3,U11,5,0,
V015,R3,U12,5,0,
V015,R3,U13,5,0,
V015,R3,U14,5,0,
V015,R3,U15,5,0,
V015,R3,U16,5,0,
V015,R3,U17,5,0,
V015,R3,U18,5,0,
V015,R3,U19,5,0,
V015,R3,U20,5,0,
V015,R4,U1,4,0,
V015,R4,U2,4,0,
V015,R4,U3,5,0,
V015,R4,U4,4,0,
V015,R4,U5,5,0,
V015,R4,U6,5,0,
V015,R4,U7,3,0,
V015,R4,U8,4,0,
V015,R4,U9,4,0,
V015,R4,U10,5,0,
V015,R4,U11,5,0,
V015,R4,U12,4,0,
V015,R4,U13,5,0,
V015,R4,U14,5,0,
V015,R4,U15,5,0,
V015,R4,U16,5,0,
V015,R4,U17,5,0,
V015,R4,U18,5,0,
V015,R4,U19,5,0,
V015,R4,U20,5,0,
V015,R5,U1,4,0,
V015,R5,U2,5,0,
V015,R5,U3,5,0,
V015,R5,U4,4,0,
V015,R5,U5,5,0,
V015,R5,U6,5,0,
V015,R5,U7,3,0,
V015,R5,U8,5,0,
V015,R5,U9,5,0,
V015,R5,U10,5,0,
V015,R5,U11,5,0,
V015,R5,U12,5,0,
V015,R5,U13,5,0,
V015,R5,U14,5,0,
V015,R5,U15,5,0,
V015,R5,U16,5,0,
V015,R5,U17,5,0,
V015,R5,U18,5,0,
V015,R5,U19,5,0,
V015,R5,U20,5,0,
V016,R1,U1,4,0,
V016,R1,U2,4,0,
V016,R1,U3,5,0,
V016,R1,U4,5,0,
V016,R1,U5,4,0,
V016,R1,U6,5,0,
V016,R1,U7,5,0,
V016,R1,U8,5,0,
V016,R1,U9,5,0,
V016,R1,U10,5,0,
V016,R1,U11,5,0,
V016,R1,U12,5,0,
V016,R1,U13,5,0,
V016,R1,U14,5,0,
V016,R1,U15,5,0,
V016,R1,U16,5,0,
V016,R1,U17,5,0,
V016,R1,U18,5,0,
V016,R1,U19,5,0,
V016,R1,U20,5,0,
V016,R2,U1,4,0,
V016,R2,U2,5,0,
V016,R2,U3,5,0,
V016,R2,U4,5,0,
V016,R2,U5,4,0,
V016,R2,U6,4,0,
V016,R2,U7,4,0,
V016,R2,U8,4,0,
V016,R2,U9,5,0,
V016,R2,U10,4,0,
V016,R2,U11,5,0,
V016,R2,U12,4,0,
V016,R2,U13,5,0,
V016,R2,U14,5,0,
V016,R2,U15,5,0,
V016,R2,U16,5,0,
V016,R2,U17,5,0,
V016,R2,U18,5,0,
V016,R2,U19,5,0,
V016,R2,U20,5,0,
V016,R3,U1,5,0,
V016,R3,U2,5,0,
V016,R3,U3,5,0,
V016,R3,U4,5,0,
V016,R3,U5,5,0,
V016,R3,U6,5,0,
V016,R3,U7,5,0,
V016,R3,U8,5,0,
V016,R3,U9,5,0,
V016,R3,U10,5,0,
V016,R3,U11,5,0,
V016,R3,U12,5,0,
V016,R3,U13,5,0,
V016,R3,U14,5,0,
V016,R3,U15,5,0,
V016,R3,U16,5,0,
V016,R3,U17,5,0,
V016,R3,U18,5,0,
V016,R3,U19,5,0,
V016,R3,U20,5,0,
V016,R4,U1,5,0,
V016,R4,U2,5,0,
V016,R4,U3,5,0,
V016,R4,U4,4,0,
V016,R4,U5,4,0,
V016,R4,U6,4,0,
V016,R4,U7,5,0,
V016,R4,U8,5,0,
V016,R4,U9,4,0,
V016,R4,U10,5,0,
V016,R4,U11,5,0,
V016,R4,U12,5,0,
V016,R4,U13,5,0,
V016,R4,U14,5,0,
V016,R4,U15,5,0,
V016,R4,U16,5,0,
V016,R4,U17,5,0,
V016,R4,U18,5,0,
V016,R4,U19,5,0,
V016,R4,U20,5,0,
V016,R5,U1,4,0,
V016,R5,U2,4,0,
V016,R5,U3,5,0,
V016,R5,U4,5,0,
V016,R5,U5,4,0,
V016,R5,U6,4,0,
V016,R5,U7,4,0,
V016,R5,U8,4,0,
V016,R5,U9,5,0,
V016,R5,U10,5,0,
V016,R5,U11,5,0,
V016,R5,U12,5,0,
V016,R5,U13,5,0,
V016,R5,U14,5,0,
V016,R5,U15,5,0,
V016,R5,U16,5,0,
V016,R5,U17,5,0,
V016,R5,U18,5,0,
V016,R5,U19,5,0,
V016,R5,U20,5,0,
V017,R1,U1,4,0,
V017,R1,U2,4,0,
V017,R1,U3,1,0,
V017,R1,U4,4,0,
V017,R1,U5,5,0,
V017,R1,U6,5,0,
V017,R1,U7,5,0,
V017,R1,U8,5,0,
V017,R1,U9,5,0,
V017,R1,U10,5,0,
V017,R1,U11,5,0,
V017,R1,U12,5,0,
V017,R1,U13,5,0,
V017,R1,U14,5,0,
V017,R1,U15,4,0,
V017,R1,U16,5,0,
V017,R1,U17,5,0,
V017,R1,U18,5,0,
V017,R1,U19,5,0,
V017,R1,U20,5,0,
V017,R2,U1,4,0,
V017,R2,U2,4,0,
V017,R2,U3,1,0,
V017,R2,U4,4,0,
V017,R2,U5,5,0,
V017,R2,U6,5,0,
V017,R2,U7,5,0,
V017,R2,U8,5,0,
V017,R2,U9,4,0,
V017,R2,U10,5,0,
V017,R2,U11,5,0,
V017,R2,U12,5,0,
V017,R2,U13,4,0,
V017,R2,U14,5,0,
V017,R2,U15,4,0,
V017,R2,U16,5,0,
V017,R2,U17,5,0,
V017,R2,U18,5,0,
V017,R2,U19,5,0,
V017,R2,U20,4,0,
V017,R3,U1,4,0,
V017,R3,U2,4,0,
V017,R3,U3,1,0,
V017,R3,U4,4,0,
V017,R3,U5,5,0,
V017,R3,U6,5,0,
V017,R3,U7,5,0,
V017,R3,U8,4,0,
V017,R3,U9,5,0,
V017,R3,U10,5,0,
V017,R3,U11,5,0,
V017,R3,U12,5,0,
V017,R3,U13,5,0,
V017,R3,U14,5,0,
V017,R3,U15,4,0,
V017,R3,U16,5,0,
V017,R3,U17,5,0,
V017,R3,U18,5,0,
V017,R3,U19,4,0,
V017,R3,U20,4,0,
V017,R4,U1,4,0,
V017,R4,U2,4,0,
V017,R4,U3,1,0,
V017,R4,U4,3,0,
V017,R4,U5,5,0,
V017,R4,U6,5,0,
V017,R4,U7,5,0,
V017,R4,U8,5,0,
V017,R4,U9,5,0,
V017,R4,U10,5,0,
V017,R4,U11,5,0,
V017,R4,U12,4,0,
V017,R4,U13,5,0,
V017,R4,U14,5,0,
V017,R4,U15,4,0,
V017,R4,U16,5,0,
V017,R4,U17,5,0,
V017,R4,U18,5,0,
V017,R4,U19,4,0,
V017,R4,U20,4,0,
V017,R5,U1,4,0,
V017,R5,U2,4,0,
V017,R5,U3,1,0,
V017,R5,U4,4,0,
V017,R5,U5,5,0,
V017,R5,U6,4,0,
V017,R5,U7,5,0,
V017,R5,U8,5,0,
V017,R5,U9,5,0,
V017,R5,U10,5,0,
V017,R5,U11,5,0,
V017,R5,U12,5,0,
V017,R5,U13,5,0,
V017,R5,U14,5,0,
V017,R5,U15,4,0,
V017,R5,U16,5,0,
V017,R5,U17,5,0,
V017,R5,U18,5,0,
V017,R5,U19,5,0,
V017,R5,U20,5,0,
V018,R1,U1,4,0,
V018,R1,U2,4,0,
V018,R1,U3,3,0,
V018,R1,U4,4,0,
V018,R1,U5,5,0,
V018,R1,U6,5,0,
V018,R1,U7,5,0,
V018,R1,U8,4,0,
V018,R1,U9,4,0,
V018,R1,U10,5,0,
V018,R1,U11,5,0,
V018,R1,U12,4,0,
V018,R1,U13,5,0,
V018,R1,U14,5,0,
V018,R1,U15,4,0,
V018,R1,U16,5,0,
V018,R1,U17,5,0,
V018,R1,U18,5,0,
V018,R1,U19,4,0,
V018,R1,U20,4,0,
V018,R2,U1,4,0,
V018,R2,U2,4,0,
V018,R2,U3,3,1,not_assessable
V018,R2,U4,4,0,
V018,R2,U5,4,0,
V018,R2,U6,5,0,
V018,R2,U7,5,0,
V018,R2,U8,4,0,
V018,R2,U9,4,0,
V018,R2,U10,5,0,
V018,R2,U11,5,0,
V018,R2,U12,4,0,
V018,R2,U13,5,0,
V018,R2,U14,5,0,
V018,R2,U15,5,0,
V018,R2,U16,5,0,
V018,R2,U17,4,0,
V018,R2,U18,5,0,
V018,R2,U19,4,0,
V018,R2,U20,4,0,
V018,R3,U1,4,0,
V018,R3,U2,4,0,
V018,R3,U3,1,0,
V018,R3,U4,5,0,
V018,R3,U5,4,0,
V018,R3,U6,5,0,
V018,R3,U7,5,0,
V018,R3,U8,4,0,
V018,R3,U9,4,0,
V018,R3,U10,5,0,
V018,R3,U11,5,0,
V018,R3,U12,4,0,
V018,R3,U13,5,0,
V018,R3,U14,5,0,
V018,R3,U15,5,0,
V018,R3,U16,5,0,
V018,R3,U17,4,0,
V018,R3,U18,5,0,
V018,R3,U19,4,0,
V018,R3,U20,4,0,
V018,R4,U1,4,0,
V018,R4,U2,4,0,
V018,R4,U3,1,0,
V018,R4,U4,5,0,
V018,R4,U5,4,0,
V018,R4,U6,4,0,
V018,R4,U7,5,0,
V018,R4,U8,4,0,
V018,R4,U9,4,0,
V018,R4,U10,4,0,
V018,R4,U11,5,0,
V018,R4,U12,4,0,
V018,R4,U13,5,0,
V018,R4,U14,5,0,
V018,R4,U15,5,0,
V018,R4,U16,5,0,
V018,R4,U17,4,0,
V018,R4,U18,5,0,
V018,R4,U19,4,0,
V018,R4,U20,4,0,
V018,R5,U1,4,0,
V018,R5,U2,4,0,
V018,R5,U3,1,0,
V018,R5,U4,4,0,
V018,R5,U5,4,0,
V018,R5,U6,5,0,
V018,R5,U7,5,0,
V018,R5,U8,5,0,
V018,R5,U9,4,0,
V018,R5,U10,5,0,
V018,R5,U11,5,0,
V018,R5,U12,4,0,
V018,R5,U13,4,0,
V018,R5,U14,5,0,
V018,R5,U15,4,0,
V018,R5,U16,5,0,
V018,R5,U17,5,0,
V018,R5,U18,5,0,
V018,R5,U19,4,0,
V018,R5,U20,4,0,
V019,R1,U1,4,0,
V019,R1,U2,4,0,
V019,R1,U3,4,0,
V019,R1,U4,5,0,
V019,R1,U5,5,0,
V019,R1,U6,5,0,
V019,R1,U7,5,0,
V019,R1,U8,5,0,
V019,R1,U9,4,0,
V019,R1,U10,5,0,
V019,R1,U11,5,0,
V019,R1,U12,5,0,
V019,R1,U13,5,0,
V019,R1,U14,5,0,
V019,R1,U15,4,0,
V019,R1,U16,5,0,
V019,R1,U17,5,0,
V019,R1,U18,5,0,
V019,R1,U19,5,0,
V019,R1,U20,5,0,
V019,R2,U1,4,0,
V019,R2,U2,4,0,
V019,R2,U3,4,0,
V019,R2,U4,5,0,
V019,R2,U5,5,0,
V019,R2,U6,5,0,
V019,R2,U7,5,0,
V019,R2,U8,5,0,
V019,R2,U9,5,0,
V019,R2,U10,5,0,
V019,R2,U11,5,0,
V019,R2,U12,5,0,
V019,R2,U13,5,0,
V019,R2,U14,5,0,
V019,R2,U15,4,0,
V019,R2,U16,5,0,
V019,R2,U17,5,0,
V019,R2,U18,5,0,
V019,R2,U19,5,0,
V019,R2,U20,5,0,
V019,R3,U1,4,0,
V019,R3,U2,4,0,
V019,R3,U3,2,0,
V019,R3,U4,4,0,
V019,R3,U5,5,0,
V019,R3,U6,5,0,
V019,R3,U7,5,0,
V019,R3,U8,5,0,
V019,R3,U9,4,0,
V019,R3,U10,5,0,
V019,R3,U11,5,0,
V019,R3,U12,5,0,
V019,R3,U13,4,0,
V019,R3,U14,5,0,
V019,R3,U15,4,0,
V019,R3,U16,5,0,
V019,R3,U17,5,0,
V019,R3,U18,5,0,
V019,R3,U19,5,0,
V019,R3,U20,4,0,
V019,R4,U1,4,0,
V019,R4,U2,4,0,
V019,R4,U3,4,0,
V019,R4,U4,4,0,
V019,R4,U5,5,0,
V019,R4,U6,5,0,
V019,R4,U7,5,0,
V019,R4,U8,5,0,
V019,R4,U9,4,0,
V019,R4,U10,5,0,
V019,R4,U11,5,0,
V019,R4,U12,5,0,
V019,R4,U13,4,0,
V019,R4,U14,5,0,
V019,R4,U15,4,0,
V019,R4,U16,5,0,
V019,R4,U17,5,0,
V019,R4,U18,5,0,
V019,R4,U19,5,0,
V019,R4,U20,5,0,
V019,R5,U1,4,0,
V019,R5,U2,4,0,
V019,R5,U3,2,0,
V019,R5,U4,4,0,
V019,R5,U5,5,0,
V019,R5,U6,5,0,
V019,R5,U7,5,0,
V019,R5,U8,5,0,
V019,R5,U9,5,0,
V019,R5,U10,5,0,
V019,R5,U11,5,0,
V019,R5,U12,5,0,
V019,R5,U13,5,0,
V019,R5,U14,5,0,
V019,R5,U15,4,0,
V019,R5,U16,5,0,
V019,R5,U17,5,0,
V019,R5,U18,5,0,
V019,R5,U19,5,0,
V019,R5,U20,5,0,
V020,R1,U1,4,0,
V020,R1,U2,5,0,
V020,R1,U3,5,0,
V020,R1,U4,4,0,
V020,R1,U5,4,0,
V020,R1,U6,4,0,
V020,R1,U7,5,0,
V020,R1,U8,5,0,
V020,R1,U9,4,0,
V020,R1,U10,5,0,
V020,R1,U11,5,0,
V020,R1,U12,5,0,
V020,R1,U13,5,0,
V020,R1,U14,5,0,
V020,R1,U15,4,0,
V020,R1,U16,5,0,
V020,R1,U17,5,0,
V020,R1,U18,5,0,
V020,R1,U19,5,0,
V020,R1,U20,5,0,
V020,R2,U1,4,0,
V020,R2,U2,4,0,
V020,R2,U3,5,0,
V020,R2,U4,4,0,
V020,R2,U5,4,0,
V020,R2,U6,5,0,
V020,R2,U7,5,0,
V020,R2,U8,5,0,
V020,R2,U9,5,0,
V020,R2,U10,5,0,
V020,R2,U11,5,0,
V020,R2,U12,5,0,
V020,R2,U13,5,0,
V020,R2,U14,4,0,
V020,R2,U15,4,0,
V020,R2,U16,5,0,
V020,R2,U17,5,0,
V020,R2,U18,5,0,
V020,R2,U19,5,0,
V020,R2,U20,5,0,
V020,R3,U1,4,0,
V020,R3,U2,4,0,
V020,R3,U3,5,0,
V020,R3,U4,4,0,
V020,R3,U5,4,0,
V020,R3,U6,3,0,
V020,R3,U7,5,0,
V020,R3,U8,4,0,
V020,R3,U9,4,0,
V020,R3,U10,4,0,
V020,R3,U11,5,0,
V020,R3,U12,5,0,
V020,R3,U13,5,0,
V020,R3,U14,5,0,
V020,R3,U15,5,0,
V020,R3,U16,5,0,
V020,R3,U17,5,0,
V020,R3,U18,5,0,
V020,R3,U19,5,0,
V020,R3,U20,5,0,
V020,R4,U1,4,0,
V020,R4,U2,4,0,
V020,R4,U3,5,0,
V020,R4,U4,3,0,
V020,R4,U5,4,0,
V020,R4,U6,4,0,
V020,R4,U7,5,0,
V020,R4,U8,4,0,
V020,R4,U9,4,0,
V020,R4,U10,4,0,
V020,R4,U11,5,0,
V020,R4,U12,4,0,
V020,R4,U13,5,0,
V020,R4,U14,5,0,
V020,R4,U15,5,0,
V020,R4,U16,5,0,
V020,R4,U17,5,0,
V020,R4,U18,5,0,
V020,R4,U19,4,0,
V020,R4,U20,4,0,
V020,R5,U1,4,0,
V020,R5,U2,4,0,
V020,R5,U3,5,0,
V020,R5,U4,4,0,
V020,R5,U5,4,0,
V020,R5,U6,5,0,
V020,R5,U7,5,0,
V020,R5,U8,5,0,
V020,R5,U9,4,0,
V020,R5,U10,5,0,
V020,R5,U11,5,0,
V020,R5,U12,5,0,
V020,R5,U13,5,0,
V020,R5,U14,5,0,
V020,R5,U15,5,0,
V020,R5,U16,5,0,
V020,R5,U17,5,0,
V020,R5,U18,5,0,
V020,R5,U19,5,0,
V020,R5,U20,5,0,
V021,R1,U1,4,0,
V021,R1,U2,4,0,
V021,R1,U3,4,0,
V021,R1,U4,4,0,
V021,R1,U5,3,0,
V021,R1,U6,5,0,
V021,R1,U7,5,0,
V021,R1,U8,5,0,
V021,R1,U9,5,0,
V021,R1,U10,5,0,
V021,R1,U11,4,0,
V021,R1,U12,4,0,
V021,R1,U13,5,0,
V021,R1,U14,4,0,
V021,R1,U15,5,0,
V021,R1,U16,5,0,
V021,R1,U17,5,0,
V021,R1,U18,5,0,
V021,R1,U19,5,0,
V021,R1,U20,5,0,
V021,R2,U1,4,0,
V021,R2,U2,4,0,
V021,R2,U3,4,0,
V021,R2,U4,5,0,
V021,R2,U5,3,0,
V021,R2,U6,4,0,
V021,R2,U7,4,0,
V021,R2,U8,4,0,
V021,R2,U9,4,0,
V021,R2,U10,4,0,
V021,R2,U11,4,0,
V021,R2,U12,4,0,
V021,R2,U13,5,0,
V021,R2,U14,4,0,
V021,R2,U15,4,0,
V021,R2,U16,5,0,
V021,R2,U17,5,0,
V021,R2,U18,5,0,
V021,R2,U19,4,0,
V021,R2,U20,4,0,
V021,R3,U1,4,0,
V021,R3,U2,4,0,
V021,R3,U3,4,0,
V021,R3,U4,5,0,
V021,R3,U5,3,0,
V021,R3,U6,4,0,
V021,R3,U7,5,0,
V021,R3,U8,4,0,
V021,R3,U9,4,0,
V021,R3,U10,4,0,
V021,R3,U11,4,0,
V021,R3,U12,3,0,
V021,R3,U13,5,0,
V021,R3,U14,4,0,
V021,R3,U15,5,0,
V021,R3,U16,5,0,
V021,R3,U17,5,0,
V021,R3,U18,5,0,
V021,R3,U19,4,0,
V021,R3,U20,4,0,
V021,R4,U1,4,0,
V021,R4,U2,4,0,
V021,R4,U3,4,0,
V021,R4,U4,5,0,
V021,R4,U5,3,0,
V021,R4,U6,4,0,
V021,R4,U7,4,0,
V021,R4,U8,4,0,
V021,R4,U9,4,0,
V021,R4,U10,4,0,
V021,R4,U11,4,0,
V021,R4,U12,4,0,
V021,R4,U13,5,0,
V021,R4,U14,4,0,
V021,R4,U15,5,0,
V021,R4,U16,5,0,
V021,R4,U17,5,0,
V021,R4,U18,5,0,
V021,R4,U19,5,0,
V021,R4,U20,4,0,
V021,R5,U1,4,0,
V021,R5,U2,4,0,
V021,R5,U3,4,0,
V021,R5,U4,5,0,
V021,R5,U5,3,0,
V021,R5,U6,4,0,
V021,R5,U7,5,0,
V021,R5,U8,4,0,
V021,R5,U9,4,0,
V021,R5,U10,4,0,
V021,R5,U11,4,0,
V021,R5,U12,4,0,
V021,R5,U13,5,0,
V021,R5,U14,4,0,
V021,R5,U15,4,0,
V021,R5,U16,5,0,
V021,R5,U17,5,0,
V021,R5,U18,5,0,
V021,R5,U19,5,0,
V021,R5,U20,4,0,
V022,R1,U1,4,0,
V022,R1,U2,4,0,
V022,R1,U3,5,0,
V022,R1,U4,5,0,
V022,R1,U5,4,0,
V022,R1,U6,4,0,
V022,R1,U7,5,0,
V022,R1,U8,4,0,
V022,R1,U9,4,0,
V022,R1,U10,4,0,
V022,R1,U11,5,0,
V022,R1,U12,5,0,
V022,R1,U13,5,0,
V022,R1,U14,4,0,
V022,R1,U15,5,0,
V022,R1,U16,5,0,
V022,R1,U17,5,0,
V022,R1,U18,5,0,
V022,R1,U19,4,0,
V022,R1,U20,4,0,
V022,R2,U1,4,0,
V022,R2,U2,4,0,
V022,R2,U3,3,0,
V022,R2,U4,4,0,
V022,R2,U5,3,0,
V022,R2,U6,4,0,
V022,R2,U7,4,0,
V022,R2,U8,3,0,
V022,R2,U9,4,0,
V022,R2,U10,4,0,
V022,R2,U11,4,0,
V022,R2,U12,4,0,
V022,R2,U13,4,0,
V022,R2,U14,4,0,
V022,R2,U15,4,0,
V022,R2,U16,5,0,
V022,R2,U17,5,0,
V022,R2,U18,5,0,
V022,R2,U19,4,0,
V022,R2,U20,4,0,
V022,R3,U1,4,0,
V022,R3,U2,4,0,
V022,R3,U3,4,0,
V022,R3,U4,4,0,
V022,R3,U5,3,0,
V022,R3,U6,4,0,
V022,R3,U7,4,0,
V022,R3,U8,3,0,
V022,R3,U9,4,0,
V022,R3,U10,4,0,
V022,R3,U11,4,0,
V022,R3,U12,4,0,
V022,R3,U13,5,0,
V022,R3,U14,4,0,
V022,R3,U15,4,0,
V022,R3,U16,4,0,
V022,R3,U17,4,0,
V022,R3,U18,5,0,
V022,R3,U19,4,0,
V022,R3,U20,4,0,
V022,R4,U1,4,0,
V022,R4,U2,4,0,
V022,R4,U3,5,0,
V022,R4,U4,5,0,
V022,R4,U5,3,0,
V022,R4,U6,4,0,
V022,R4,U7,5,0,
V022,R4,U8,4,0,
V022,R4,U9,4,0,
V022,R4,U10,4,0,
V022,R4,U11,5,0,
V022,R4,U12,5,0,
V022,R4,U13,5,0,
V022,R4,U14,4,0,
V022,R4,U15,4,0,
V022,R4,U16,5,0,
V022,R4,U17,5,0,
V022,R4,U18,5,0,
V022,R4,U19,4,0,
V022,R4,U20,4,0,
V022,R5,U1,4,0,
V022,R5,U2,4,0,
V022,R5,U3,3,0,
V022,R5,U4,5,0,
V022,R5,U5,3,0,
V022,R5,U6,4,0,
V022,R5,U7,5,0,
V022,R5,U8,4,0,
V022,R5,U9,5,0,
V022,R5,U10,4,0,
V022,R5,U11,4,0,
V022,R5,U12,4,0,
V022,R5,U13,5,0,
V022,R5,U14,4,0,
V022,R5,U15,5,0,
V022,R5,U16,5,0,
V022,R5,U17,5,0,
V022,R5,U18,5,0,
V022,R5,U19,4,0,
V022,R5,U20,4,0,
V023,R1,U1,4,0,
V023,R1,U2,4,0,
V023,R1,U3,3,0,
V023,R1,U4,5,0,
V023,R1,U5,4,0,
V023,R1,U6,5,0,
V023,R1,U7,5,0,
V023,R1,U8,5,0,
V023,R1,U9,5,0,
V023,R1,U10,5,0,
V023,R1,U11,5,0,
V023,R1,U12,5,0,
V023,R1,U13,5,0,
V023,R1,U14,5,0,
V023,R1,U15,4,0,
V023,R1,U16,5,0,
V023,R1,U17,5,0,
V023,R1,U18,5,0,
V023,R1,U19,5,0,
V023,R1,U20,5,0,
V023,R2,U1,4,0,
V023,R2,U2,4,0,
V023,R2,U3,5,0,
V023,R2,U4,5,0,
V023,R2,U5,4,0,
V023,R2,U6,4,0,
V023,R2,U7,5,0,
V023,R2,U8,4,0,
V023,R2,U9,5,0,
V023,R2,U10,5,0,
V023,R2,U11,5,0,
V023,R2,U12,5,0,
V023,R2,U13,5,0,
V023,R2,U14,5,0,
V023,R2,U15,4,0,
V023,R2,U16,5,0,
V023,R2,U17,5,0,
V023,R2,U18,5,0,
V023,R2,U19,5,0,
V023,R2,U20,5,0,
V023,R3,U1,4,0,
V023,R3,U2,5,0,
V023,R3,U3,4,0,
V023,R3,U4,5,0,
V023,R3,U5,4,0,
V023,R3,U6,5,0,
V023,R3,U7,5,0,
V023,R3,U8,5,0,
V023,R3,U9,5,0,
V023,R3,U10,5,0,
V023,R3,U11,5,0,
V023,R3,U12,4,0,
V023,R3,U13,5,0,
V023,R3,U14,5,0,
V023,R3,U15,5,0,
V023,R3,U16,5,0,
V023,R3,U17,5,0,
V023,R3,U18,5,0,
V023,R3,U19,4,0,
V023,R3,U20,5,0,
V023,R4,U1,4,0,
V023,R4,U2,5,0,
V023,R4,U3,5,0,
V023,R4,U4,5,0,
V023,R4,U5,4,0,
V023,R4,U6,5,0,
V023,R4,U7,5,0,
V023,R4,U8,5,0,
V023,R4,U9,5,0,
V023,R4,U10,5,0,
V023,R4,U11,5,0,
V023,R4,U12,5,0,
V023,R4,U13,5,0,
V023,R4,U14,5,0,
V023,R4,U15,4,0,
V023,R4,U16,5,0,
V023,R4,U17,5,0,
V023,R4,U18,5,0,
V023,R4,U19,5,0,
V023,R4,U20,5,0,
V023,R5,U1,4,0,
V023,R5,U2,4,0,
V023,R5,U3,4,0,
V023,R5,U4,5,0,
V023,R5,U5,5,0,
V023,R5,U6,5,0,
V023,R5,U7,5,0,
V023,R5,U8,5,0,
V023,R5,U9,5,0,
V023,R5,U10,5,0,
V023,R5,U11,5,0,
V023,R5,U12,5,0,
V023,R5,U13,5,0,
V023,R5,U14,5,0,
V023,R5,U15,5,0,
V023,R5,U16,5,0,
V023,R5,U17,5,0,
V023,R5,U18,5,0,
V023,R5,U19,5,0,
V023,R5,U20,5,0,
V024,R1,U1,4,0,
V024,R1,U2,4,0,
V024,R1,U3,3,0,
V024,R1,U4,5,0,
V024,R1,U5,4,0,
V024,R1,U6,4,0,
V024,R1,U7,4,0,
V024,R1,U8,4,0,
V024,R1,U9,5,0,
V024,R1,U10,4,0,
V024,R1,U11,4,0,
V024,R1,U12,4,0,
V024,R1,U13,5,0,
V024,R1,U14,4,0,
V024,R1,U15,4,0,
V024,R1,U16,5,0,
V024,R1,U17,5,0,
V024,R1,U18,5,0,
V024,R1,U19,4,0,
V024,R1,U20,4,0,
V024,R2,U1,4,0,
V024,R2,U2,4,0,
V024,R2,U3,5,0,
V024,R2,U4,5,0,
V024,R2,U5,3,0,
V024,R2,U6,4,0,
V024,R2,U7,5,0,
V024,R2,U8,4,0,
V024,R2,U9,4,0,
V024,R2,U10,4,0,
V024,R2,U11,4,0,
V024,R2,U12,4,0,
V024,R2,U13,5,0,
V024,R2,U14,4,0,
V024,R2,U15,5,0,
V024,R2,U16,5,0,
V024,R2,U17,5,0,
V024,R2,U18,5,0,
V024,R2,U19,4,0,
V024,R2,U20,4,0,
V024,R3,U1,5,0,
V024,R3,U2,5,0,
V024,R3,U3,5,0,
V024,R3,U4,5,0,
V024,R3,U5,4,0,
V024,R3,U6,4,0,
V024,R3,U7,5,0,
V024,R3,U8,4,0,
V024,R3,U9,5,0,
V024,R3,U10,5,0,
V024,R3,U11,5,0,
V024,R3,U12,4,0,
V024,R3,U13,5,0,
V024,R3,U14,4,0,
V024,R3,U15,4,0,
V024,R3,U16,5,0,
V024,R3,U17,5,0,
V024,R3,U18,5,0,
V024,R3,U19,4,0,
V024,R3,U20,5,0,
V024,R4,U1,4,0,
V024,R4,U2,4,0,
V024,R4,U3,3,0,
V024,R4,U4,5,0,
V024,R4,U5,4,0,
V024,R4,U6,4,0,
V024,R4,U7,5,0,
V024,R4,U8,4,0,
V024,R4,U9,4,0,
V024,R4,U10,4,0,
V024,R4,U11,5,0,
V024,R4,U12,4,0,
V024,R4,U13,5,0,
V024,R4,U14,4,0,
V024,R4,U15,5,0,
V024,R4,U16,5,0,
V024,R4,U17,5,0,
V024,R4,U18,5,0,
V024,R4,U19,5,0,
V024,R4,U20,5,0,
V024,R5,U1,4,0,
V024,R5,U2,4,0,
V024,R5,U3,4,0,
V024,R5,U4,5,0,
V024,R5,U5,3,0,
V024,R5,U6,4,0,
V024,R5,U7,4,0,
V024,R5,U8,4,0,
V024,R5,U9,5,0,
V024,R5,U10,4,0,
V024,R5,U11,4,0,
V024,R5,U12,5,0,
V024,R5,U13,5,0,
V024,R5,U14,4,0,
V024,R5,U15,4,0,
V024,R5,U16,5,0,
V024,R5,U17,5,0,
V024,R5,U18,5,0,
V024,R5,U19,5,0,
V024,R5,U20,5,0,
V025,R1,U1,4,0,
V025,R1,U2,5,0,
V025,R1,U3,1,0,
V025,R1,U4,4,0,
V025,R1,U5,5,0,
V025,R1,U6,5,0,
V025,R1,U7,5,0,
V025,R1,U8,5,0,
V025,R1,U9,5,0,
V025,R1,U10,5,0,
V025,R1,U11,5,0,
V025,R1,U12,5,0,
V025,R1,U13,5,0,
V025,R1,U14,5,0,
V025,R1,U15,5,0,
V025,R1,U16,4,0,
V025,R1,U17,4,0,
V025,R1,U18,5,0,
V025,R1,U19,5,0,
V025,R1,U20,5,0,
V025,R2,U1,4,0,
V025,R2,U2,4,0,
V025,R2,U3,2,0,
V025,R2,U4,5,0,
V025,R2,U5,4,0,
V025,R2,U6,5,0,
V025,R2,U7,5,0,
V025,R2,U8,5,0,
V025,R2,U9,5,0,
V025,R2,U10,5,0,
V025,R2,U11,5,0,
V025,R2,U12,5,0,
V025,R2,U13,5,0,
V025,R2,U14,5,0,
V025,R2,U15,5,0,
V025,R2,U16,5,0,
V025,R2,U17,5,0,
V025,R2,U18,5,0,
V025,R2,U19,5,0,
V025,R2,U20,5,0,
V025,R3,U1,4,0,
V025,R3,U2,4,0,
V025,R3,U3,4,0,
V025,R3,U4,4,0,
V025,R3,U5,5,0,
V025,R3,U6,5,0,
V025,R3,U7,5,0,
V025,R3,U8,4,0,
V025,R3,U9,5,0,
V025,R3,U10,5,0,
V025,R3,U11,5,0,
V025,R3,U12,5,0,
V025,R3,U13,5,0,
V025,R3,U14,5,0,
V025,R3,U15,5,0,
V025,R3,U16,5,0,
V025,R3,U17,5,0,
V025,R3,U18,5,0,
V025,R3,U19,5,0,
V025,R3,U20,5,0,
V025,R4,U1,4,0,
V025,R4,U2,4,0,
V025,R4,U3,3,0,
V025,R4,U4,4,0,
V025,R4,U5,4,0,
V025,R4,U6,5,0,
V025,R4,U7,5,0,
V025,R4,U8,5,0,
V025,R4,U9,5,0,
V025,R4,U10,5,0,
V025,R4,U11,5,0,
V025,R4,U12,4,0,
V025,R4,U13,5,0,
V025,R4,U14,5,0,
V025,R4,U15,5,0,
V025,R4,U16,5,0,
V025,R4,U17,5,0,
V025,R4,U18,5,0,
V025,R4,U19,5,0,
V025,R4,U20,5,0,
V025,R5,U1,4,0,
V025,R5,U2,4,0,
V025,R5,U3,4,0,
V025,R5,U4,5,0,
V025,R5,U5,5,0,
V025,R5,U6,5,0,
V025,R5,U7,5,0,
V025,R5,U8,4,0,
V025,R5,U9,4,0,
V025,R5,U10,5,0,
V025,R5,U11,5,0,
V025,R5,U12,5,0,
V025,R5,U13,5,0,
V025,R5,U14,4,0,
V025,R5,U15,4,0,
V025,R5,U16,5,0,
V025,R5,U17,5,0,
V025,R5,U18,5,0,
V025,R5,U19,4,0,
V025,R5,U20,4,0,
V026,R1,U1,4,0,
V026,R1,U2,4,0,
V026,R1,U3,5,0,
V026,R1,U4,4,0,
V026,R1,U5,5,0,
V026,R1,U6,5,0,
V026,R1,U7,5,0,
V026,R1,U8,5,0,
V026,R1,U9,4,0,
V026,R1,U10,5,0,
V026,R1,U11,5,0,
V026,R1,U12,5,0,
V026,R1,U13,5,0,
V026,R1,U14,5,0,
V026,R1,U15,4,0,
V026,R1,U16,5,0,
V026,R1,U17,5,0,
V026,R1,U18,5,0,
V026,R1,U19,5,0,
V026,R1,U20,5,0,
V026,R2,U1,4,0,
V026,R2,U2,4,0,
V026,R2,U3,4,0,
V026,R2,U4,4,0,
V026,R2,U5,3,0,
V026,R2,U6,4,0,
V026,R2,U7,5,0,
V026,R2,U8,4,0,
V026,R2,U9,4,0,
V026,R2,U10,4,0,
V026,R2,U11,4,0,
V026,R2,U12,4,0,
V026,R2,U13,4,0,
V026,R2,U14,3,0,
V026,R2,U15,4,0,
V026,R2,U16,5,0,
V026,R2,U17,5,0,
V026,R2,U18,5,0,
V026,R2,U19,4,0,
V026,R2,U20,4,0,
V026,R3,U1,4,0,
V026,R3,U2,4,0,
V026,R3,U3,4,0,
V026,R3,U4,4,0,
V026,R3,U5,5,0,
V026,R3,U6,5,0,
V026,R3,U7,5,0,
V026,R3,U8,5,0,
V026,R3,U9,5,0,
V026,R3,U10,5,0,
V026,R3,U11,5,0,
V026,R3,U12,5,0,
V026,R3,U13,5,0,
V026,R3,U14,5,0,
V026,R3,U15,5,0,
V026,R3,U16,5,0,
V026,R3,U17,5,0,
V026,R3,U18,5,0,
V026,R3,U19,5,0,
V026,R3,U20,5,0,
V026,R4,U1,4,0,
V026,R4,U2,4,0,
V026,R4,U3,4,0,
V026,R4,U4,4,0,
V026,R4,U5,4,0,
V026,R4,U6,5,0,
V026,R4,U7,5,0,
V026,R4,U8,5,0,
V026,R4,U9,5,0,
V026,R4,U10,5,0,
V026,R4,U11,5,0,
V026,R4,U12,5,0,
V026,R4,U13,4,0,
V026,R4,U14,5,0,
V026,R4,U15,4,0,
V026,R4,U16,5,0,
V026,R4,U17,5,0,
V026,R4,U18,5,0,
V026,R4,U19,4,0,
V026,R4,U20,4,0,
V026,R5,U1,4,0,
V026,R5,U2,4,0,
V026,R5,U3,5,0,
V026,R5,U4,3,0,
V026,R5,U5,5,0,
V026,R5,U6,5,0,
V026,R5,U7,5,0,
V026,R5,U8,5,0,
V026,R5,U9,4,0,
V026,R5,U10,5,0,
V026,R5,U11,4,0,
V026,R5,U12,5,0,
V026,R5,U13,4,0,
V026,R5,U14,5,0,
V026,R5,U15,4,0,
V026,R5,U16,5,0,
V026,R5,U17,5,0,
V026,R5,U18,5,0,
V026,R5,U19,5,0,
V026,R5,U20,5,0,
V027,R1,U1,4,0,
V027,R1,U2,4,0,
V027,R1,U3,2,0,
V027,R1,U4,5,0,
V027,R1,U5,3,0,
V027,R1,U6,4,0,
V027,R1,U7,4,0,
V027,R1,U8,4,0,
V027,R1,U9,4,0,
V027,R1,U10,4,0,
V027,R1,U11,4,0,
V027,R1,U12,5,0,
V027,R1,U13,5,0,
V027,R1,U14,5,0,
V027,R1,U15,4,0,
V027,R1,U16,5,0,
V027,R1,U17,5,0,
V027,R1,U18,5,0,
V027,R1,U19,5,0,
V027,R1,U20,5,0,
V027,R2,U1,4,0,
V027,R2,U2,4,0,
V027,R2,U3,2,0,
V027,R2,U4,5,0,
V027,R2,U5,3,0,
V027,R2,U6,4,0,
V027,R2,U7,4,0,
V027,R2,U8,5,0,
V027,R2,U9,4,0,
V027,R2,U10,4,0,
V027,R2,U11,4,0,
V027,R2,U12,4,0,
V027,R2,U13,5,0,
V027,R2,U14,4,0,
V027,R2,U15,4,0,
V027,R2,U16,5,0,
V027,R2,U17,5,0,
V027,R2,U18,5,0,
V027,R2,U19,5,0,
V027,R2,U20,4,0,
V027,R3,U1,4,0,
V027,R3,U2,4,0,
V027,R3,U3,1,0,
V027,R3,U4,5,0,
V027,R3,U5,3,0,
V027,R3,U6,4,0,
V027,R3,U7,4,0,
V027,R3,U8,4,0,
V027,R3,U9,4,0,
V027,R3,U10,4,0,
V027,R3,U11,4,0,
V027,R3,U12,4,0,
V027,R3,U13,5,0,
V027,R3,U14,4,0,
V027,R3,U15,4,0,
V027,R3,U16,5,0,
V027,R3,U17,5,0,
V027,R3,U18,5,0,
V027,R3,U19,5,0,
V027,R3,U20,4,0,
V027,R4,U1,4,0,
V027,R4,U2,4,0,
V027,R4,U3,2,0,
V027,R4,U4,5,0,
V027,R4,U5,3,0,
V027,R4,U6,4,0,
V027,R4,U7,5,0,
V027,R4,U8,4,0,
V027,R4,U9,4,0,
V027,R4,U10,5,0,
V027,R4,U11,5,0,
V027,R4,U12,5,0,
V027,R4,U13,5,0,
V027,R4,U14,5,0,
V027,R4,U15,5,0,
V027,R4,U16,5,0,
V027,R4,U17,5,0,
V027,R4,U18,5,0,
V027,R4,U19,5,0,
V027,R4,U20,5,0,
V027,R5,U1,4,0,
V027,R5,U2,4,0,
V027,R5,U3,4,0,
V027,R5,U4,5,0,
V027,R5,U5,3,0,
V027,R5,U6,4,0,
V027,R5,U7,5,0,
V027,R5,U8,5,0,
V027,R5,U9,4,0,
V027,R5,U10,4,0,
V027,R5,U11,5,0,
V027,R5,U12,4,0,
V027,R5,U13,5,0,
V027,R5,U14,4,0,
V027,R5,U15,4,0,
V027,R5,U16,5,0,
V027,R5,U17,5,0,
V027,R5,U18,5,0,
V027,R5,U19,5,0,
V027,R5,U20,5,0,
V028,R1,U1,4,0,
V028,R1,U2,4,0,
V028,R1,U3,4,0,
V028,R1,U4,4,0,
V028,R1,U5,5,0,
V028,R1,U6,5,0,
V028,R1,U7,5,0,
V028,R1,U8,5,0,
V028,R1,U9,5,0,
V028,R1,U10,5,0,
V028,R1,U11,5,0,
V028,R1,U12,5,0,
V028,R1,U13,5,0,
V028,R1,U14,5,0,
V028,R1,U15,5,0,
V028,R1,U16,5,0,
V028,R1,U17,5,0,
V028,R1,U18,5,0,
V028,R1,U19,5,0,
V028,R1,U20,5,0,
V028,R2,U1,4,0,
V028,R2,U2,4,0,
V028,R2,U3,5,0,
V028,R2,U4,4,0,
V028,R2,U5,5,0,
V028,R2,U6,5,0,
V028,R2,U7,5,0,
V028,R2,U8,5,0,
V028,R2,U9,5,0,
V028,R2,U10,5,0,
V028,R2,U11,5,0,
V028,R2,U12,4,0,
V028,R2,U13,5,0,
V028,R2,U14,5,0,
V028,R2,U15,5,0,
V028,R2,U16,5,0,
V028,R2,U17,5,0,
V028,R2,U18,5,0,
V028,R2,U19,5,0,
V028,R2,U20,5,0,
V028,R3,U1,4,0,
V028,R3,U2,4,0,
V028,R3,U3,4,0,
V028,R3,U4,5,0,
V028,R3,U5,5,0,
V028,R3,U6,5,0,
V028,R3,U7,5,0,
V028,R3,U8,5,0,
V028,R3,U9,4,0,
V028,R3,U10,5,0,
V028,R3,U11,5,0,
V028,R3,U12,5,0,
V028,R3,U13,5,0,
V028,R3,U14,5,0,
V028,R3,U15,4,0,
V028,R3,U16,5,0,
V028,R3,U17,5,0,
V028,R3,U18,5,0,
V028,R3,U19,4,0,
V028,R3,U20,5,0,
V028,R4,U1,4,0,
V028,R4,U2,4,0,
V028,R4,U3,4,0,
V028,R4,U4,4,0,
V028,R4,U5,4,0,
V028,R4,U6,4,0,
V028,R4,U7,5,0,
V028,R4,U8,5,0,
V028,R4,U9,5,0,
V028,R4,U10,5,0,
V028,R4,U11,5,0,
V028,R4,U12,5,0,
V028,R4,U13,5,0,
V028,R4,U14,5,0,
V028,R4,U15,5,0,
V028,R4,U16,5,0,
V028,R4,U17,5,0,
V028,R4,U18,5,0,
V028,R4,U19,5,0,
V028,R4,U20,5,0,
V028,R5,U1,4,0,
V028,R5,U2,4,0,
V028,R5,U3,4,0,
V028,R5,U4,4,0,
V028,R5,U5,5,0,
V028,R5,U6,5,0,
V028,R5,U7,5,0,
V028,R5,U8,5,0,
V028,R5,U9,5,0,
V028,R5,U10,5,0,
V028,R5,U11,5,0,
V028,R5,U12,5,0,
V028,R5,U13,5,0,
V028,R5,U14,5,0,
V028,R5,U15,4,0,
V028,R5,U16,5,0,
V028,R5,U17,5,0,
V028,R5,U18,5,0,
V028,R5,U19,5,0,
V028,R5,U20,5,0,
V029,R1,U1,4,0,
V029,R1,U2,4,0,
V029,R1,U3,4,0,
V029,R1,U4,4,0,
V029,R1,U5,4,0,
V029,R1,U6,5,0,
V029,R1,U7,5,0,
V029,R1,U8,5,0,
V029,R1,U9,4,0,
V029,R1,U10,5,0,
V029,R1,U11,5,0,
V029,R1,U12,5,0,
V029,R1,U13,4,0,
V029,R1,U14,5,0,
V029,R1,U15,5,0,
V029,R1,U16,5,0,
V029,R1,U17,5,0,
V029,R1,U18,5,0,
V029,R1,U19,5,0,
V029,R1,U20,5,0,
V029,R2,U1,4,0,
V029,R2,U2,4,0,
V029,R2,U3,5,0,
V029,R2,U4,4,0,
V029,R2,U5,5,0,
V029,R2,U6,5,0,
V029,R2,U7,5,0,
V029,R2,U8,5,0,
V029,R2,U9,4,0,
V029,R2,U10,5,0,
V029,R2,U11,5,0,
V029,R2,U12,4,0,
V029,R2,U13,5,0,
V029,R2,U14,5,0,
V029,R2,U15,4,0,
V029,R2,U16,5,0,
V029,R2,U17,5,0,
V029,R2,U18,5,0,
V029,R2,U19,5,0,
V029,R2,U20,5,0,
V029,R3,U1,4,0,
V029,R3,U2,4,0,
V029,R3,U3,4,0,
V029,R3,U4,4,0,
V029,R3,U5,4,0,
V029,R3,U6,5,0,
V029,R3,U7,5,0,
V029,R3,U8,5,0,
V029,R3,U9,4,0,
V029,R3,U10,5,0,
V029,R3,U11,5,0,
V029,R3,U12,5,0,
V029,R3,U13,5,0,
V029,R3,U14,5,0,
V029,R3,U15,4,0,
V029,R3,U16,5,0,
V029,R3,U17,5,0,
V029,R3,U18,5,0,
V029,R3,U19,5,0,
V029,R3,U20,5,0,
V029,R4,U1,4,0,
V029,R4,U2,4,0,
V029,R4,U3,4,0,
V029,R4,U4,4,0,
V029,R4,U5,5,0,
V029,R4,U6,5,0,
V029,R4,U7,5,0,
V029,R4,U8,5,0,
V029,R4,U9,5,0,
V029,R4,U10,5,0,
V029,R4,U11,5,0,
V029,R4,U12,5,0,
V029,R4,U13,5,0,
V029,R4,U14,5,0,
V029,R4,U15,5,0,
V029,R4,U16,5,0,
V029,R4,U17,5,0,
V029,R4,U18,5,0,
V029,R4,U19,5,0,
V029,R4,U20,5,0,
V029,R5,U1,4,0,
V029,R5,U2,4,0,
V029,R5,U3,1,0,
V029,R5,U4,4,0,
V029,R5,U5,4,0,
V029,R5,U6,5,0,
V029,R5,U7,5,0,
V029,R5,U8,5,0,
V029,R5,U9,4,0,
V029,R5,U10,5,0,
V029,R5,U11,5,0,
V029,R5,U12,5,0,
V029,R5,U13,5,0,
V029,R5,U14,5,0,
V029,R5,U15,4,0,
V029,R5,U16,5,0,
V029,R5,U17,5,0,
V029,R5,U18,5,0,
V029,R5,U19,5,0,
V029,R5,U20,4,0,
V030,R1,U1,4,0,
V030,R1,U2,4,0,
V030,R1,U3,5,0,
V030,R1,U4,4,0,
V030,R1,U5,4,0,
V030,R1,U6,5,0,
V030,R1,U7,5,0,
V030,R1,U8,5,0,
V030,R1,U9,4,0,
V030,R1,U10,5,0,
V030,R1,U11,5,0,
V030,R1,U12,5,0,
V030,R1,U13,5,0,
V030,R1,U14,5,0,
V030,R1,U15,4,0,
V030,R1,U16,5,0,
V030,R1,U17,5,0,
V030,R1,U18,5,0,
V030,R1,U19,5,0,
V030,R1,U20,5,0,
V030,R2,U1,4,0,
V030,R2,U2,4,0,
V030,R2,U3,5,0,
V030,R2,U4,5,0,
V030,R2,U5,5,0,
V030,R2,U6,5,0,
V030,R2,U7,5,0,
V030,R2,U8,5,0,
V030,R2,U9,4,0,
V030,R2,U10,5,0,
V030,R2,U11,5,0,
V030,R2,U12,4,0,
V030,R2,U13,5,0,
V030,R2,U14,5,0,
V030,R2,U15,4,0,
V030,R2,U16,5,0,
V030,R2,U17,5,0,
V030,R2,U18,5,0,
V030,R2,U19,5,0,
V030,R2,U20,5,0,
V030,R3,U1,4,0,
V030,R3,U2,4,0,
V030,R3,U3,4,0,
V030,R3,U4,4,0,
V030,R3,U5,4,0,
V030,R3,U6,5,0,
V030,R3,U7,5,0,
V030,R3,U8,5,0,
V030,R3,U9,4,0,
V030,R3,U10,5,0,
V030,R3,U11,5,0,
V030,R3,U12,5,0,
V030,R3,U13,5,0,
V030,R3,U14,5,0,
V030,R3,U15,4,0,
V030,R3,U16,5,0,
V030,R3,U17,5,0,
V030,R3,U18,5,0,
V030,R3,U19,4,0,
V030,R3,U20,4,0,
V030,R4,U1,4,0,
V030,R4,U2,4,0,
V030,R4,U3,5,0,
V030,R4,U4,4,0,
V030,R4,U5,4,0,
V030,R4,U6,5,0,
V030,R4,U7,5,0,
V030,R4,U8,5,0,
V030,R4,U9,5,0,
V030,R4,U10,5,0,
V030,R4,U11,5,0,
V030,R4,U12,5,0,
V030,R4,U13,5,0,
V030,R4,U14,5,0,
V030,R4,U15,5,0,
V030,R4,U16,5,0,
V030,R4,U17,5,0,
V030,R4,U18,5,0,
V030,R4,U19,5,0,
V030,R4,U20,5,0,
V030,R5,U1,5,0,
V030,R5,U2,4,0,
V030,R5,U3,1,0,
V030,R5,U4,5,0,
V030,R5,U5,5,0,
V030,R5,U6,5,0,
V030,R5,U7,5,0,
V030,R5,U8,5,0,
V030,R5,U9,5,0,
V030,R5,U10,5,0,
V030,R5,U11,5,0,
V030,R5,U12,5,0,
V030,R5,U13,5,0,
V030,R5,U14,5,0,
V030,R5,U15,5,0,
V030,R5,U16,5,0,
V030,R5,U17,5,0,
V030,R5,U18,5,0,
V030,R5,U19,5,0,
V030,R5,U20,5,0,
V031,R1,U1,4,0,
V031,R1,U2,4,0,
V031,R1,U3,5,0,
V031,R1,U4,4,0,
V031,R1,U5,4,0,
V031,R1,U6,5,0,
V031,R1,U7,5,0,
V031,R1,U8,5,0,
V031,R1,U9,5,0,
V031,R1,U10,5,0,
V031,R1,U11,5,0,
V031,R1,U12,5,0,
V031,R1,U13,5,0,
V031,R1,U14,5,0,
V031,R1,U15,5,0,
V031,R1,U16,5,0,
V031,R1,U17,5,0,
V031,R1,U18,5,0,
V031,R1,U19,5,0,
V031,R1,U20,5,0,
V031,R2,U1,4,0,
V031,R2,U2,5,0,
V031,R2,U3,5,0,
V031,R2,U4,5,0,
V031,R2,U5,4,0,
V031,R2,U6,5,0,
V031,R2,U7,5,0,
V031,R2,U8,5,0,
V031,R2,U9,5,0,
V031,R2,U10,5,0,
V031,R2,U11,5,0,
V031,R2,U12,5,0,
V031,R2,U13,5,0,
V031,R2,U14,5,0,
V031,R2,U15,5,0,
V031,R2,U16,5,0,
V031,R2,U17,5,0,
V031,R2,U18,5,0,
V031,R2,U19,5,0,
V031,R2,U20,5,0,
V031,R3,U1,4,0,
V031,R3,U2,5,0,
V031,R3,U3,5,0,
V031,R3,U4,5,0,
V031,R3,U5,5,0,
V031,R3,U6,5,0,
V031,R3,U7,5,0,
V031,R3,U8,5,0,
V031,R3,U9,5,0,
V031,R3,U10,5,0,
V031,R3,U11,5,0,
V031,R3,U12,5,0,
V031,R3,U13,5,0,
V031,R3,U14,5,0,
V031,R3,U15,5,0,
V031,R3,U16,5,0,
V031,R3,U17,5,0,
V031,R3,U18,5,0,
V031,R3,U19,5,0,
V031,R3,U20,5,0,
V031,R4,U1,4,0,
V031,R4,U2,5,0,
V031,R4,U3,5,0,
V031,R4,U4,4,0,
V031,R4,U5,4,0,
V031,R4,U6,5,0,
V031,R4,U7,5,0,
V031,R4,U8,5,0,
V031,R4,U9,5,0,
V031,R4,U10,5,0,
V031,R4,U11,5,0,
V031,R4,U12,5,0,
V031,R4,U13,5,0,
V031,R4,U14,5,0,
V031,R4,U15,5,0,
V031,R4,U16,5,0,
V031,R4,U17,5,0,
V031,R4,U18,5,0,
V031,R4,U19,5,0,
V031,R4,U20,5,0,
V031,R5,U1,4,0,
V031,R5,U2,5,0,
V031,R5,U3,5,0,
V031,R5,U4,5,0,
V031,R5,U5,4,0,
V031,R5,U6,5,0,
V031,R5,U7,5,0,
V031,R5,U8,5,0,
V031,R5,U9,5,0,
V031,R5,U10,5,0,
V031,R5,U11,5,0,
V031,R5,U12,5,0,
V031,R5,U13,5,0,
V031,R5,U14,5,0,
V031,R5,U15,5,0,
V031,R5,U16,5,0,
V031,R5,U17,5,0,
V031,R5,U18,5,0,
V031,R5,U19,5,0,
V031,R5,U20,5,0,
V032,R1,U1,4,0,
V032,R1,U2,4,0,
V032,R1,U3,5,0,
V032,R1,U4,4,0,
V032,R1,U5,5,0,
V032,R1,U6,5,0,
V032,R1,U7,5,0,
V032,R1,U8,5,0,
V032,R1,U9,4,0,
V032,R1,U10,5,0,
V032,R1,U11,5,0,
V032,R1,U12,5,0,
V032,R1,U13,5,0,
V032,R1,U14,5,0,
V032,R1,U15,4,0,
V032,R1,U16,5,0,
V032,R1,U17,5,0,
V032,R1,U18,5,0,
V032,R1,U19,4,0,
V032,R1,U20,4,0,
V032,R2,U1,4,0,
V032,R2,U2,4,0,
V032,R2,U3,5,0,
V032,R2,U4,4,0,
V032,R2,U5,5,0,
V032,R2,U6,5,0,
V032,R2,U7,5,0,
V032,R2,U8,5,0,
V032,R2,U9,4,0,
V032,R2,U10,5,0,
V032,R2,U11,5,0,
V032,R2,U12,5,0,
V032,R2,U13,5,0,
V032,R2,U14,5,0,
V032,R2,U15,4,0,
V032,R2,U16,5,0,
V032,R2,U17,5,0,
V032,R2,U18,5,0,
V032,R2,U19,4,0,
V032,R2,U20,4,0,
V032,R3,U1,4,0,
V032,R3,U2,4,0,
V032,R3,U3,5,0,
V032,R3,U4,3,0,
V032,R3,U5,5,0,
V032,R3,U6,5,0,
V032,R3,U7,5,0,
V032,R3,U8,5,0,
V032,R3,U9,4,0,
V032,R3,U10,5,0,
V032,R3,U11,5,0,
V032,R3,U12,5,0,
V032,R3,U13,4,0,
V032,R3,U14,5,0,
V032,R3,U15,5,0,
V032,R3,U16,5,0,
V032,R3,U17,5,0,
V032,R3,U18,5,0,
V032,R3,U19,4,0,
V032,R3,U20,4,0,
V032,R4,U1,4,0,
V032,R4,U2,4,0,
V032,R4,U3,5,0,
V032,R4,U4,4,0,
V032,R4,U5,5,0,
V032,R4,U6,5,0,
V032,R4,U7,5,0,
V032,R4,U8,5,0,
V032,R4,U9,4,0,
V032,R4,U10,5,0,
V032,R4,U11,5,0,
V032,R4,U12,5,0,
V032,R4,U13,5,0,
V032,R4,U14,5,0,
V032,R4,U15,4,0,
V032,R4,U16,5,0,
V032,R4,U17,5,0,
V032,R4,U18,5,0,
V032,R4,U19,5,0,
V032,R4,U20,5,0,
V032,R5,U1,4,0,
V032,R5,U2,4,0,
V032,R5,U3,5,0,
V032,R5,U4,4,0,
V032,R5,U5,5,0,
V032,R5,U6,5,0,
V032,R5,U7,5,0,
V032,R5,U8,5,0,
V032,R5,U9,4,0,
V032,R5,U10,5,0,
V032,R5,U11,5,0,
V032,R5,U12,5,0,
V032,R5,U13,5,0,
V032,R5,U14,5,0,
V032,R5,U15,5,0,
V032,R5,U16,5,0,
V032,R5,U17,5,0,
V032,R5,U18,5,0,
V032,R5,U19,5,0,
V032,R5,U20,5,0,
V033,R1,U1,4,0,
V033,R1,U2,4,0,
V033,R1,U3,2,0,
V033,R1,U4,4,0,
V033,R1,U5,5,0,
V033,R1,U6,5,0,
V033,R1,U7,4,0,
V033,R1,U8,5,0,
V033,R1,U9,5,0,
V033,R1,U10,5,0,
V033,R1,U11,5,0,
V033,R1,U12,4,0,
V033,R1,U13,5,0,
V033,R1,U14,5,0,
V033,R1,U15,4,0,
V033,R1,U16,5,0,
V033,R1,U17,5,0,
V033,R1,U18,5,0,
V033,R1,U19,5,0,
V033,R1,U20,5,0,
V033,R2,U1,4,0,
V033,R2,U2,5,0,
V033,R2,U3,4,0,
V033,R2,U4,4,0,
V033,R2,U5,5,0,
V033,R2,U6,5,0,
V033,R2,U7,4,0,
V033,R2,U8,4,0,
V033,R2,U9,5,0,
V033,R2,U10,5,0,
V033,R2,U11,5,0,
V033,R2,U12,5,0,
V033,R2,U13,5,0,
V033,R2,U14,5,0,
V033,R2,U15,5,0,
V033,R2,U16,5,0,
V033,R2,U17,5,0,
V033,R2,U18,5,0,
V033,R2,U19,5,0,
V033,R2,U20,5,0,
V033,R3,U1,4,0,
V033,R3,U2,5,0,
V033,R3,U3,4,0,
V033,R3,U4,4,0,
V033,R3,U5,5,0,
V033,R3,U6,5,0,
V033,R3,U7,4,0,
V033,R3,U8,5,0,
V033,R3,U9,5,0,
V033,R3,U10,5,0,
V033,R3,U11,5,0,
V033,R3,U12,5,0,
V033,R3,U13,5,0,
V033,R3,U14,5,0,
V033,R3,U15,5,0,
V033,R3,U16,5,0,
V033,R3,U17,5,0,
V033,R3,U18,5,0,
V033,R3,U19,5,0,
V033,R3,U20,5,0,
V033,R4,U1,4,0,
V033,R4,U2,5,0,
V033,R4,U3,4,0,
V033,R4,U4,4,0,
V033,R4,U5,5,0,
V033,R4,U6,5,0,
V033,R4,U7,4,0,
V033,R4,U8,5,0,
V033,R4,U9,4,0,
V033,R4,U10,5,0,
V033,R4,U11,5,0,
V033,R4,U12,4,0,
V033,R4,U13,5,0,
V033,R4,U14,5,0,
V033,R4,U15,5,0,
V033,R4,U16,5,0,
V033,R4,U17,5,0,
V033,R4,U18,5,0,
V033,R4,U19,5,0,
V033,R4,U20,5,0,
V033,R5,U1,4,0,
V033,R5,U2,5,0,
V033,R5,U3,4,0,
V033,R5,U4,4,0,
V033,R5,U5,5,0,
V033,R5,U6,5,0,
V033,R5,U7,5,0,
V033,R5,U8,5,0,
V033,R5,U9,5,0,
V033,R5,U10,5,0,
V033,R5,U11,5,0,
V033,R5,U12,5,0,
V033,R5,U13,5,0,
V033,R5,U14,5,0,
V033,R5,U15,5,0,
V033,R5,U16,5,0,
V033,R5,U17,5,0,
V033,R5,U18,5,0,
V033,R5,U19,5,0,
V033,R5,U20,5,0,
V034,R1,U1,4,0,
V034,R1,U2,4,0,
V034,R1,U3,4,0,
V034,R1,U4,5,0,
V034,R1,U5,4,0,
V034,R1,U6,5,0,
V034,R1,U7,5,0,
V034,R1,U8,4,0,
V034,R1,U9,5,0,
V034,R1,U10,5,0,
V034,R1,U11,5,0,
V034,R1,U12,4,0,
V034,R1,U13,5,0,
V034,R1,U14,5,0,
V034,R1,U15,5,0,
V034,R1,U16,5,0,
V034,R1,U17,5,0,
V034,R1,U18,5,0,
V034,R1,U19,4,0,
V034,R1,U20,4,0,
V034,R2,U1,4,0,
V034,R2,U2,4,0,
V034,R2,U3,4,0,
V034,R2,U4,5,0,
V034,R2,U5,4,0,
V034,R2,U6,4,0,
V034,R2,U7,4,0,
V034,R2,U8,4,0,
V034,R2,U9,5,0,
V034,R2,U10,4,0,
V034,R2,U11,5,0,
V034,R2,U12,5,0,
V034,R2,U13,4,0,
V034,R2,U14,5,0,
V034,R2,U15,5,0,
V034,R2,U16,5,0,
V034,R2,U17,5,0,
V034,R2,U18,5,0,
V034,R2,U19,4,0,
V034,R2,U20,5,0,
V034,R3,U1,4,0,
V034,R3,U2,4,0,
V034,R3,U3,5,0,
V034,R3,U4,4,0,
V034,R3,U5,5,0,
V034,R3,U6,4,0,
V034,R3,U7,4,0,
V034,R3,U8,4,0,
V034,R3,U9,5,0,
V034,R3,U10,4,0,
V034,R3,U11,5,0,
V034,R3,U12,5,0,
V034,R3,U13,4,0,
V034,R3,U14,5,0,
V034,R3,U15,5,0,
V034,R3,U16,5,0,
V034,R3,U17,5,0,
V034,R3,U18,5,0,
V034,R3,U19,4,0,
V034,R3,U20,4,0,
V034,R4,U1,4,0,
V034,R4,U2,4,0,
V034,R4,U3,4,0,
V034,R4,U4,4,0,
V034,R4,U5,4,0,
V034,R4,U6,4,0,
V034,R4,U7,4,0,
V034,R4,U8,5,0,
V034,R4,U9,5,0,
V034,R4,U10,5,0,
V034,R4,U11,5,0,
V034,R4,U12,4,0,
V034,R4,U13,5,0,
V034,R4,U14,5,0,
V034,R4,U15,5,0,
V034,R4,U16,5,0,
V034,R4,U17,5,0,
V034,R4,U18,5,0,
V034,R4,U19,4,0,
V034,R4,U20,4,0,
V034,R5,U1,4,0,
V034,R5,U2,4,0,
V034,R5,U3,4,0,
V034,R5,U4,5,0,
V034,R5,U5,4,0,
V034,R5,U6,4,0,
V034,R5,U7,3,0,
V034,R5,U8,4,0,
V034,R5,U9,4,0,
V034,R5,U10,4,0,
V034,R5,U11,5,0,
V034,R5,U12,4,0,
V034,R5,U13,4,0,
V034,R5,U14,5,0,
V034,R5,U15,5,0,
V034,R5,U16,5,0,
V034,R5,U17,5,0,
V034,R5,U18,5,0,
V034,R5,U19,4,0,
V034,R5,U20,4,0,
V035,R1,U1,4,0,
V035,R1,U2,4,0,
V035,R1,U3,4,0,
V035,R1,U4,4,0,
V035,R1,U5,4,0,
V035,R1,U6,5,0,
V035,R1,U7,4,0,
V035,R1,U8,5,0,
V035,R1,U9,4,0,
V035,R1,U10,5,0,
V035,R1,U11,5,0,
V035,R1,U12,5,0,
V035,R1,U13,4,0,
V035,R1,U14,5,0,
V035,R1,U15,5,0,
V035,R1,U16,5,0,
V035,R1,U17,5,0,
V035,R1,U18,5,0,
V035,R1,U19,5,0,
V035,R1,U20,5,0,
V035,R2,U1,4,0,
V035,R2,U2,4,0,
V035,R2,U3,5,0,
V035,R2,U4,4,0,
V035,R2,U5,5,0,
V035,R2,U6,5,0,
V035,R2,U7,5,0,
V035,R2,U8,5,0,
V035,R2,U9,4,0,
V035,R2,U10,5,0,
V035,R2,U11,5,0,
V035,R2,U12,5,0,
V035,R2,U13,5,0,
V035,R2,U14,5,0,
V035,R2,U15,5,0,
V035,R2,U16,5,0,
V035,R2,U17,5,0,
V035,R2,U18,5,0,
V035,R2,U19,5,0,
V035,R2,U20,5,0,
V035,R3,U1,4,0,
V035,R3,U2,4,0,
V035,R3,U3,4,0,
V035,R3,U4,5,0,
V035,R3,U5,5,0,
V035,R3,U6,5,0,
V035,R3,U7,5,0,
V035,R3,U8,4,0,
V035,R3,U9,4,0,
V035,R3,U10,4,0,
V035,R3,U11,5,0,
V035,R3,U12,5,0,
V035,R3,U13,5,0,
V035,R3,U14,5,0,
V035,R3,U15,4,0,
V035,R3,U16,5,0,
V035,R3,U17,5,0,
V035,R3,U18,5,0,
V035,R3,U19,5,0,
V035,R3,U20,5,0,
V035,R4,U1,4,0,
V035,R4,U2,4,0,
V035,R4,U3,4,0,
V035,R4,U4,4,0,
V035,R4,U5,4,0,
V035,R4,U6,4,0,
V035,R4,U7,4,0,
V035,R4,U8,4,0,
V035,R4,U9,4,0,
V035,R4,U10,4,0,
V035,R4,U11,4,0,
V035,R4,U12,4,0,
V035,R4,U13,4,0,
V035,R4,U14,4,0,
V035,R4,U15,4,0,
V035,R4,U16,4,0,
V035,R4,U17,4,0,
V035,R4,U18,5,0,
V035,R4,U19,4,0,
V035,R4,U20,4,0,
V035,R5,U1,4,0,
V035,R5,U2,4,0,
V035,R5,U3,4,0,
V035,R5,U4,4,0,
V035,R5,U5,5,0,
V035,R5,U6,5,0,
V035,R5,U7,5,0,
V035,R5,U8,5,0,
V035,R5,U9,5,0,
V035,R5,U10,5,0,
V035,R5,U11,5,0,
V035,R5,U12,5,0,
V035,R5,U13,5,0,
V035,R5,U14,5,0,
V035,R5,U15,4,0,
V035,R5,U16,5,0,
V035,R5,U17,5,0,
V035,R5,U18,5,0,
V035,R5,U19,5,0,
V035,R5,U20,5,0,
V036,R1,U1,4,0,
V036,R1,U2,4,0,
V036,R1,U3,5,0,
V036,R1,U4,4,0,
V036,R1,U5,5,0,
V036,R1,U6,5,0,
V036,R1,U7,4,0,
V036,R1,U8,5,0,
V036,R1,U9,5,0,
V036,R1,U10,5,0,
V036,R1,U11,5,0,
V036,R1,U12,5,0,
V036,R1,U13,5,0,
V036,R1,U14,5,0,
V036,R1,U15,5,0,
V036,R1,U16,5,0,
V036,R1,U17,5,0,
V036,R1,U18,5,0,
V036,R1,U19,4,0,
V036,R1,U20,5,0,
V036,R2,U1,4,0,
V036,R2,U2,4,0,
V036,R2,U3,4,0,
V036,R2,U4,4,0,
V036,R2,U5,4,0,
V036,R2,U6,4,0,
V036,R2,U7,5,0,
V036,R2,U8,5,0,
V036,R2,U9,5,0,
V036,R2,U10,5,0,
V036,R2,U11,5,0,
V036,R2,U12,5,0,
V036,R2,U13,5,0,
V036,R2,U14,5,0,
V036,R2,U15,5,0,
V036,R2,U16,5,0,
V036,R2,U17,5,0,
V036,R2,U18,5,0,
V036,R2,U19,5,0,
V036,R2,U20,5,0,
V036,R3,U1,4,0,
V036,R3,U2,4,0,
V036,R3,U3,4,0,
V036,R3,U4,4,0,
V036,R3,U5,5,0,
V036,R3,U6,5,0,
V036,R3,U7,5,0,
V036,R3,U8,5,0,
V036,R3,U9,5,0,
V036,R3,U10,5,0,
V036,R3,U11,5,0,
V036,R3,U12,5,0,
V036,R3,U13,5,0,
V036,R3,U14,5,0,
V036,R3,U15,5,0,
V036,R3,U16,5,0,
V036,R3,U17,5,0,
V036,R3,U18,5,0,
V036,R3,U19,5,0,
V036,R3,U20,5,0,
V036,R4,U1,4,0,
V036,R4,U2,5,0,
V036,R4,U3,5,0,
V036,R4,U4,4,0,
V036,R4,U5,4,0,
V036,R4,U6,5,0,
V036,R4,U7,5,0,
V036,R4,U8,5,0,
V036,R4,U9,5,0,
V036,R4,U10,5,0,
V036,R4,U11,5,0,
V036,R4,U12,5,0,
V036,R4,U13,5,0,
V036,R4,U14,5,0,
V036,R4,U15,5,0,
V036,R4,U16,5,0,
V036,R4,U17,5,0,
V036,R4,U18,5,0,
V036,R4,U19,5,0,
V036,R4,U20,5,0,
V036,R5,U1,4,0,
V036,R5,U2,4,0,
V036,R5,U3,5,0,
V036,R5,U4,4,0,
V036,R5,U5,5,0,
V036,R5,U6,5,0,
V036,R5,U7,5,0,
V036,R5,U8,5,0,
V036,R5,U9,5,0,
V036,R5,U10,5,0,
V036,R5,U11,5,0,
V036,R5,U12,5,0,
V036,R5,U13,5,0,
V036,R5,U14,5,0,
V036,R5,U15,5,0,
V036,R5,U16,5,0,
V036,R5,U17,5,0,
V036,R5,U18,5,0,
V036,R5,U19,4,0,
V036,R5,U20,4,0,
V037,R1,U1,4,0,
V037,R1,U2,4,0,
V037,R1,U3,4,0,
V037,R1,U4,5,0,
V037,R1,U5,5,0,
V037,R1,U6,5,0,
V037,R1,U7,3,0,
V037,R1,U8,5,0,
V037,R1,U9,5,0,
V037,R1,U10,5,0,
V037,R1,U11,5,0,
V037,R1,U12,5,0,
V037,R1,U13,5,0,
V037,R1,U14,5,0,
V037,R1,U15,5,0,
V037,R1,U16,5,0,
V037,R1,U17,5,0,
V037,R1,U18,5,0,
V037,R1,U19,5,0,
V037,R1,U20,5,0,
V037,R2,U1,4,0,
V037,R2,U2,4,0,
V037,R2,U3,5,0,
V037,R2,U4,4,0,
V037,R2,U5,5,0,
V037,R2,U6,5,0,
V037,R2,U7,4,0,
V037,R2,U8,5,0,
V037,R2,U9,5,0,
V037,R2,U10,5,0,
V037,R2,U11,5,0,
V037,R2,U12,4,0,
V037,R2,U13,5,0,
V037,R2,U14,5,0,
V037,R2,U15,5,0,
V037,R2,U16,5,0,
V037,R2,U17,5,0,
V037,R2,U18,5,0,
V037,R2,U19,5,0,
V037,R2,U20,5,0,
V037,R3,U1,4,0,
V037,R3,U2,4,0,
V037,R3,U3,4,0,
V037,R3,U4,4,0,
V037,R3,U5,4,0,
V037,R3,U6,5,0,
V037,R3,U7,3,0,
V037,R3,U8,5,0,
V037,R3,U9,5,0,
V037,R3,U10,5,0,
V037,R3,U11,5,0,
V037,R3,U12,4,0,
V037,R3,U13,5,0,
V037,R3,U14,5,0,
V037,R3,U15,5,0,
V037,R3,U16,5,0,
V037,R3,U17,5,0,
V037,R3,U18,5,0,
V037,R3,U19,5,0,
V037,R3,U20,5,0,
V037,R4,U1,4,0,
V037,R4,U2,4,0,
V037,R4,U3,4,0,
V037,R4,U4,4,0,
V037,R4,U5,4,0,
V037,R4,U6,5,0,
V037,R4,U7,3,0,
V037,R4,U8,5,0,
V037,R4,U9,5,0,
V037,R4,U10,5,0,
V037,R4,U11,5,0,
V037,R4,U12,4,0,
V037,R4,U13,5,0,
V037,R4,U14,5,0,
V037,R4,U15,4,0,
V037,R4,U16,5,0,
V037,R4,U17,5,0,
V037,R4,U18,5,0,
V037,R4,U19,5,0,
V037,R4,U20,5,0,
V037,R5,U1,4,0,
V037,R5,U2,4,0,
V037,R5,U3,4,0,
V037,R5,U4,4,0,
V037,R5,U5,4,0,
V037,R5,U6,5,0,
V037,R5,U7,4,0,
V037,R5,U8,5,0,
V037,R5,U9,5,0,
V037,R5,U10,5,0,
V037,R5,U11,5,0,
V037,R5,U12,4,0,
V037,R5,U13,5,0,
V037,R5,U14,5,0,
V037,R5,U15,5,0,
V037,R5,U16,5,0,
V037,R5,U17,5,0,
V037,R5,U18,5,0,
V037,R5,U19,5,0,
V037,R5,U20,5,0,
V038,R1,U1,4,0,
V038,R1,U2,4,0,
V038,R1,U3,1,0,
V038,R1,U4,4,0,
V038,R1,U5,5,0,
V038,R1,U6,5,0,
V038,R1,U7,3,0,
V038,R1,U8,5,0,
V038,R1,U9,5,0,
V038,R1,U10,5,0,
V038,R1,U11,5,0,
V038,R1,U12,4,0,
V038,R1,U13,5,0,
V038,R1,U14,5,0,
V038,R1,U15,5,0,
V038,R1,U16,5,0,
V038,R1,U17,5,0,
V038,R1,U18,5,0,
V038,R1,U19,4,0,
V038,R1,U20,4,0,
V038,R2,U1,4,0,
V038,R2,U2,4,0,
V038,R2,U3,5,0,
V038,R2,U4,4,0,
V038,R2,U5,5,0,
V038,R2,U6,5,0,
V038,R2,U7,4,0,
V038,R2,U8,5,0,
V038,R2,U9,5,0,
V038,R2,U10,5,0,
V038,R2,U11,5,0,
V038,R2,U12,5,0,
V038,R2,U13,5,0,
V038,R2,U14,5,0,
V038,R2,U15,5,0,
V038,R2,U16,5,0,
V038,R2,U17,5,0,
V038,R2,U18,5,0,
V038,R2,U19,5,0,
V038,R2,U20,5,0,
V038,R3,U1,4,0,
V038,R3,U2,4,0,
V038,R3,U3,5,0,
V038,R3,U4,4,0,
V038,R3,U5,4,0,
V038,R3,U6,5,0,
V038,R3,U7,3,0,
V038,R3,U8,5,0,
V038,R3,U9,4,0,
V038,R3,U10,5,0,
V038,R3,U11,5,0,
V038,R3,U12,5,0,
V038,R3,U13,5,0,
V038,R3,U14,5,0,
V038,R3,U15,4,0,
V038,R3,U16,5,0,
V038,R3,U17,5,0,
V038,R3,U18,5,0,
V038,R3,U19,4,0,
V038,R3,U20,5,0,
V038,R4,U1,4,0,
V038,R4,U2,4,0,
V038,R4,U3,4,0,
V038,R4,U4,4,0,
V038,R4,U5,5,0,
V038,R4,U6,5,0,
V038,R4,U7,4,0,
V038,R4,U8,5,0,
V038,R4,U9,5,0,
V038,R4,U10,5,0,
V038,R4,U11,5,0,
V038,R4,U12,5,0,
V038,R4,U13,5,0,
V038,R4,U14,5,0,
V038,R4,U15,5,0,
V038,R4,U16,5,0,
V038,R4,U17,5,0,
V038,R4,U18,5,0,
V038,R4,U19,5,0,
V038,R4,U20,5,0,
V038,R5,U1,4,0,
V038,R5,U2,4,0,
V038,R5,U3,4,0,
V038,R5,U4,4,0,
V038,R5,U5,5,0,
V038,R5,U6,5,0,
V038,R5,U7,4,0,
V038,R5,U8,5,0,
V038,R5,U9,5,0,
V038,R5,U10,5,0,
V038,R5,U11,5,0,
V038,R5,U12,5,0,
V038,R5,U13,5,0,
V038,R5,U14,5,0,
V038,R5,U15,4,0,
V038,R5,U16,5,0,
V038,R5,U17,5,0,
V038,R5,U18,5,0,
V038,R5,U19,5,0,
V038,R5,U20,5,0,
V039,R1,U1,4,0,
V039,R1,U2,4,0,
V039,R1,U3,4,0,
V039,R1,U4,5,0,
V039,R1,U5,4,0,
V039,R1,U6,5,0,
V039,R1,U7,5,0,
V039,R1,U8,5,0,
V039,R1,U9,5,0,
V039,R1,U10,5,0,
V039,R1,U11,5,0,
V039,R1,U12,5,0,
V039,R1,U13,5,0,
V039,R1,U14,5,0,
V039,R1,U15,4,0,
V039,R1,U16,5,0,
V039,R1,U17,5,0,
V039,R1,U18,5,0,
V039,R1,U19,5,0,
V039,R1,U20,5,0,
V039,R2,U1,4,0,
V039,R2,U2,4,0,
V039,R2,U3,5,0,
V039,R2,U4,5,0,
V039,R2,U5,4,0,
V039,R2,U6,5,0,
V039,R2,U7,4,0,
V039,R2,U8,5,0,
V039,R2,U9,5,0,
V039,R2,U10,5,0,
V039,R2,U11,4,0,
V039,R2,U12,5,0,
V039,R2,U13,5,0,
V039,R2,U14,5,0,
V039,R2,U15,4,0,
V039,R2,U16,5,0,
V039,R2,U17,5,0,
V039,R2,U18,5,0,
V039,R2,U19,5,0,
V039,R2,U20,5,0,
V039,R3,U1,4,0,
V039,R3,U2,4,0,
V039,R3,U3,4,0,
V039,R3,U4,5,0,
V039,R3,U5,4,0,
V039,R3,U6,5,0,
V039,R3,U7,3,0,
V039,R3,U8,5,0,
V039,R3,U9,5,0,
V039,R3,U10,5,0,
V039,R3,U11,5,0,
V039,R3,U12,5,0,
V039,R3,U13,4,0,
V039,R3,U14,5,0,
V039,R3,U15,4,0,
V039,R3,U16,5,0,
V039,R3,U17,5,0,
V039,R3,U18,5,0,
V039,R3,U19,5,0,
V039,R3,U20,5,0,
V039,R4,U1,4,0,
V039,R4,U2,5,0,
V039,R4,U3,5,0,
V039,R4,U4,5,0,
V039,R4,U5,4,0,
V039,R4,U6,5,0,
V039,R4,U7,4,0,
V039,R4,U8,5,0,
V039,R4,U9,5,0,
V039,R4,U10,5,0,
V039,R4,U11,5,0,
V039,R4,U12,4,0,
V039,R4,U13,5,0,
V039,R4,U14,5,0,
V039,R4,U15,4,0,
V039,R4,U16,5,0,
V039,R4,U17,5,0,
V039,R4,U18,5,0,
V039,R4,U19,5,0,
V039,R4,U20,5,0,
V039,R5,U1,4,0,
V039,R5,U2,4,0,
V039,R5,U3,4,0,
V039,R5,U4,5,0,
V039,R5,U5,5,0,
V039,R5,U6,5,0,
V039,R5,U7,4,0,
V039,R5,U8,5,0,
V039,R5,U9,5,0,
V039,R5,U10,5,0,
V039,R5,U11,5,0,
V039,R5,U12,5,0,
V039,R5,U13,5,0,
V039,R5,U14,5,0,
V039,R5,U15,4,0,
V039,R5,U16,5,0,
V039,R5,U17,5,0,
V039,R5,U18,5,0,
V039,R5,U19,5,0,
V039,R5,U20,5,0,
V040,R1,U1,4,0,
V040,R1,U2,4,0,
V040,R1,U3,4,0,
V040,R1,U4,4,0,
V040,R1,U5,5,0,
V040,R1,U6,5,0,
V040,R1,U7,5,0,
V040,R1,U8,5,0,
V040,R1,U9,5,0,
V040,R1,U10,5,0,
V040,R1,U11,5,0,
V040,R1,U12,5,0,
V040,R1,U13,5,0,
V040,R1,U14,5,0,
V040,R1,U15,5,0,
V040,R1,U16,5,0,
V040,R1,U17,5,0,
V040,R1,U18,5,0,
V040,R1,U19,5,0,
V040,R1,U20,5,0,
V040,R2,U1,4,0,
V040,R2,U2,5,0,
V040,R2,U3,5,0,
V040,R2,U4,4,0,
V040,R2,U5,3,0,
V040,R2,U6,5,0,
V040,R2,U7,4,0,
V040,R2,U8,5,0,
V040,R2,U9,5,0,
V040,R2,U10,5,0,
V040,R2,U11,5,0,
V040,R2,U12,5,0,
V040,R2,U13,5,0,
V040,R2,U14,5,0,
V040,R2,U15,5,0,
V040,R2,U16,5,0,
V040,R2,U17,5,0,
V040,R2,U18,5,0,
V040,R2,U19,4,0,
V040,R2,U20,5,0,
V040,R3,U1,4,0,
V040,R3,U2,5,0,
V040,R3,U3,5,0,
V040,R3,U4,4,0,
V040,R3,U5,3,0,
V040,R3,U6,5,0,
V040,R3,U7,4,0,
V040,R3,U8,5,0,
V040,R3,U9,5,0,
V040,R3,U10,5,0,
V040,R3,U11,5,0,
V040,R3,U12,5,0,
V040,R3,U13,5,0,
V040,R3,U14,5,0,
V040,R3,U15,5,0,
V040,R3,U16,5,0,
V040,R3,U17,5,0,
V040,R3,U18,5,0,
V040,R3,U19,5,0,
V040,R3,U20,5,0,
V040,R4,U1,4,0,
V040,R4,U2,5,0,
V040,R4,U3,4,0,
V040,R4,U4,4,0,
V040,R4,U5,3,0,
V040,R4,U6,5,0,
V040,R4,U7,3,0,
V040,R4,U8,4,0,
V040,R4,U9,5,0,
V040,R4,U10,5,0,
V040,R4,U11,5,0,
V040,R4,U12,4,0,
V040,R4,U13,5,0,
V040,R4,U14,5,0,
V040,R4,U15,4,0,
V040,R4,U16,5,0,
V040,R4,U17,5,0,
V040,R4,U18,5,0,
V040,R4,U19,4,0,
V040,R4,U20,4,0,
V040,R5,U1,4,0,
V040,R5,U2,4,0,
V040,R5,U3,5,0,
V040,R5,U4,4,0,
V040,R5,U5,3,0,
V040,R5,U6,5,0,
V040,R5,U7,3,0,
V040,R5,U8,5,0,
V040,R5,U9,4,0,
V040,R5,U10,5,0,
V040,R5,U11,5,0,
V040,R5,U12,5,0,
V040,R5,U13,5,0,
V040,R5,U14,5,0,
V040,R5,U15,4,0,
V040,R5,U16,5,0,
V040,R5,U17,5,0,
V040,R5,U18,5,0,
V040,R5,U19,4,0,
V040,R5,U20,4,0,
V041,R1,U1,4,0,
V041,R1,U2,4,0,
V041,R1,U3,4,0,
V041,R1,U4,4,0,
V041,R1,U5,4,0,
V041,R1,U6,5,0,
V041,R1,U7,3,0,
V041,R1,U8,4,0,
V041,R1,U9,5,0,
V041,R1,U10,4,0,
V041,R1,U11,5,0,
V041,R1,U12,4,0,
V041,R1,U13,5,0,
V041,R1,U14,4,0,
V041,R1,U15,4,0,
V041,R1,U16,5,0,
V041,R1,U17,5,0,
V041,R1,U18,5,0,
V041,R1,U19,4,0,
V041,R1,U20,4,0,
V041,R2,U1,4,0,
V041,R2,U2,4,0,
V041,R2,U3,4,0,
V041,R2,U4,4,0,
V041,R2,U5,4,0,
V041,R2,U6,4,0,
V041,R2,U7,3,0,
V041,R2,U8,4,0,
V041,R2,U9,4,0,
V041,R2,U10,4,0,
V041,R2,U11,4,0,
V041,R2,U12,4,0,
V041,R2,U13,4,0,
V041,R2,U14,4,0,
V041,R2,U15,4,0,
V041,R2,U16,5,0,
V041,R2,U17,5,0,
V041,R2,U18,5,0,
V041,R2,U19,5,0,
V041,R2,U20,4,0,
V041,R3,U1,4,0,
V041,R3,U2,4,0,
V041,R3,U3,4,0,
V041,R3,U4,4,0,
V041,R3,U5,4,0,
V041,R3,U6,4,0,
V041,R3,U7,4,0,
V041,R3,U8,4,0,
V041,R3,U9,5,0,
V041,R3,U10,4,0,
V041,R3,U11,4,0,
V041,R3,U12,4,0,
V041,R3,U13,5,0,
V041,R3,U14,4,0,
V041,R3,U15,4,0,
V041,R3,U16,5,0,
V041,R3,U17,5,0,
V041,R3,U18,5,0,
V041,R3,U19,4,0,
V041,R3,U20,4,0,
V041,R4,U1,4,0,
V041,R4,U2,4,0,
V041,R4,U3,4,0,
V041,R4,U4,5,0,
V041,R4,U5,4,0,
V041,R4,U6,5,0,
V041,R4,U7,4,0,
V041,R4,U8,5,0,
V041,R4,U9,5,0,
V041,R4,U10,5,0,
V041,R4,U11,5,0,
V041,R4,U12,5,0,
V041,R4,U13,5,0,
V041,R4,U14,5,0,
V041,R4,U15,4,0,
V041,R4,U16,5,0,
V041,R4,U17,5,0,
V041,R4,U18,5,0,
V041,R4,U19,4,0,
V041,R4,U20,4,0,
V041,R5,U1,5,0,
V041,R5,U2,4,0,
V041,R5,U3,4,0,
V041,R5,U4,4,0,
V041,R5,U5,5,0,
V041,R5,U6,4,0,
V041,R5,U7,3,0,
V041,R5,U8,4,0,
V041,R5,U9,4,0,
V041,R5,U10,4,0,
V041,R5,U11,5,0,
V041,R5,U12,5,0,
V041,R5,U13,5,0,
V041,R5,U14,5,0,
V041,R5,U15,4,0,
V041,R5,U16,5,0,
V041,R5,U17,5,0,
V041,R5,U18,5,0,
V041,R5,U19,4,0,
V041,R5,U20,4,0,
V042,R1,U1,4,0,
V042,R1,U2,4,0,
V042,R1,U3,5,0,
V042,R1,U4,4,0,
V042,R1,U5,4,0,
V042,R1,U6,5,0,
V042,R1,U7,4,0,
V042,R1,U8,5,0,
V042,R1,U9,5,0,
V042,R1,U10,5,0,
V042,R1,U11,5,0,
V042,R1,U12,5,0,
V042,R1,U13,5,0,
V042,R1,U14,5,0,
V042,R1,U15,5,0,
V042,R1,U16,5,0,
V042,R1,U17,5,0,
V042,R1,U18,5,0,
V042,R1,U19,5,0,
V042,R1,U20,5,0,
V042,R2,U1,4,0,
V042,R2,U2,5,0,
V042,R2,U3,5,0,
V042,R2,U4,5,0,
V042,R2,U5,4,0,
V042,R2,U6,4,0,
V042,R2,U7,3,0,
V042,R2,U8,4,0,
V042,R2,U9,4,0,
V042,R2,U10,4,0,
V042,R2,U11,5,0,
V042,R2,U12,4,0,
V042,R2,U13,5,0,
V042,R2,U14,5,0,
V042,R2,U15,4,0,
V042,R2,U16,5,0,
V042,R2,U17,5,0,
V042,R2,U18,5,0,
V042,R2,U19,4,0,
V042,R2,U20,4,0,
V042,R3,U1,4,0,
V042,R3,U2,4,0,
V042,R3,U3,5,0,
V042,R3,U4,5,0,
V042,R3,U5,4,0,
V042,R3,U6,5,0,
V042,R3,U7,4,0,
V042,R3,U8,5,0,
V042,R3,U9,5,0,
V042,R3,U10,5,0,
V042,R3,U11,5,0,
V042,R3,U12,5,0,
V042,R3,U13,5,0,
V042,R3,U14,5,0,
V042,R3,U15,5,0,
V042,R3,U16,5,0,
V042,R3,U17,5,0,
V042,R3,U18,5,0,
V042,R3,U19,5,0,
V042,R3,U20,5,0,
V042,R4,U1,4,0,
V042,R4,U2,4,0,
V042,R4,U3,5,0,
V042,R4,U4,5,0,
V042,R4,U5,4,0,
V042,R4,U6,5,0,
V042,R4,U7,4,0,
V042,R4,U8,5,0,
V042,R4,U9,4,0,
V042,R4,U10,5,0,
V042,R4,U11,5,0,
V042,R4,U12,4,0,
V042,R4,U13,5,0,
V042,R4,U14,5,0,
V042,R4,U15,5,0,
V042,R4,U16,5,0,
V042,R4,U17,5,0,
V042,R4,U18,5,0,
V042,R4,U19,5,0,
V042,R4,U20,5,0,
V042,R5,U1,4,0,
V042,R5,U2,4,0,
V042,R5,U3,5,0,
V042,R5,U4,4,0,
V042,R5,U5,5,0,
V042,R5,U6,5,0,
V042,R5,U7,3,0,
V042,R5,U8,5,0,
V042,R5,U9,5,0,
V042,R5,U10,5,0,
V042,R5,U11,5,0,
V042,R5,U12,4,0,
V042,R5,U13,5,0,
V042,R5,U14,5,0,
V042,R5,U15,4,0,
V042,R5,U16,5,0,
V042,R5,U17,5,0,
V042,R5,U18,5,0,
V042,R5,U19,4,0,
V042,R5,U20,4,0,
V043,R1,U1,4,0,
V043,R1,U2,5,0,
V043,R1,U3,4,0,
V043,R1,U4,5,0,
V043,R1,U5,4,0,
V043,R1,U6,5,0,
V043,R1,U7,3,0,
V043,R1,U8,4,0,
V043,R1,U9,5,0,
V043,R1,U10,5,0,
V043,R1,U11,5,0,
V043,R1,U12,5,0,
V043,R1,U13,5,0,
V043,R1,U14,5,0,
V043,R1,U15,5,0,
V043,R1,U16,5,0,
V043,R1,U17,5,0,
V043,R1,U18,5,0,
V043,R1,U19,5,0,
V043,R1,U20,5,0,
V043,R2,U1,4,0,
V043,R2,U2,4,0,
V043,R2,U3,5,0,
V043,R2,U4,4,0,
V043,R2,U5,4,0,
V043,R2,U6,4,0,
V043,R2,U7,3,0,
V043,R2,U8,4,0,
V043,R2,U9,5,0,
V043,R2,U10,4,0,
V043,R2,U11,5,0,
V043,R2,U12,4,0,
V043,R2,U13,5,0,
V043,R2,U14,5,0,
V043,R2,U15,5,0,
V043,R2,U16,5,0,
V043,R2,U17,5,0,
V043,R2,U18,5,0,
V043,R2,U19,5,0,
V043,R2,U20,5,0,
V043,R3,U1,4,0,
V043,R3,U2,4,0,
V043,R3,U3,4,0,
V043,R3,U4,4,0,
V043,R3,U5,3,0,
V043,R3,U6,4,0,
V043,R3,U7,3,0,
V043,R3,U8,4,0,
V043,R3,U9,4,0,
V043,R3,U10,4,0,
V043,R3,U11,5,0,
V043,R3,U12,4,0,
V043,R3,U13,5,0,
V043,R3,U14,5,0,
V043,R3,U15,4,0,
V043,R3,U16,5,0,
V043,R3,U17,5,0,
V043,R3,U18,5,0,
V043,R3,U19,5,0,
V043,R3,U20,5,0,
V043,R4,U1,4,0,
V043,R4,U2,4,0,
V043,R4,U3,5,0,
V043,R4,U4,5,0,
V043,R4,U5,4,0,
V043,R4,U6,4,0,
V043,R4,U7,5,0,
V043,R4,U8,4,0,
V043,R4,U9,4,0,
V043,R4,U10,4,0,
V043,R4,U11,5,0,
V043,R4,U12,5,0,
V043,R4,U13,5,0,
V043,R4,U14,5,0,
V043,R4,U15,5,0,
V043,R4,U16,5,0,
V043,R4,U17,5,0,
V043,R4,U18,5,0,
V043,R4,U19,5,0,
V043,R4,U20,5,0,
V043,R5,U1,4,0,
V043,R5,U2,4,0,
V043,R5,U3,4,0,
V043,R5,U4,5,0,
V043,R5,U5,4,0,
V043,R5,U6,5,0,
V043,R5,U7,3,1,not_assessable
V043,R5,U8,5,0,
V043,R5,U9,5,0,
V043,R5,U10,5,0,
V043,R5,U11,5,0,
V043,R5,U12,4,0,
V043,R5,U13,5,0,
V043,R5,U14,5,0,
V043,R5,U15,5,0,
V043,R5,U16,5,0,
V043,R5,U17,5,0,
V043,R5,U18,5,0,
V043,R5,U19,5,0,
V043,R5,U20,5,0,
V044,R1,U1,4,0,
V044,R1,U2,4,0,
V044,R1,U3,1,0,
V044,R1,U4,5,0,
V044,R1,U5,5,0,
V044,R1,U6,5,0,
V044,R1,U7,4,0,
V044,R1,U8,5,0,
V044,R1,U9,5,0,
V044,R1,U10,5,0,
V044,R1,U11,5,0,
V044,R1,U12,5,0,
V044,R1,U13,5,0,
V044,R1,U14,5,0,
V044,R1,U15,5,0,
V044,R1,U16,5,0,
V044,R1,U17,5,0,
V044,R1,U18,5,0,
V044,R1,U19,5,0,
V044,R1,U20,5,0,
V044,R2,U1,4,0,
V044,R2,U2,4,0,
V044,R2,U3,4,0,
V044,R2,U4,5,0,
V044,R2,U5,5,0,
V044,R2,U6,5,0,
V044,R2,U7,5,0,
V044,R2,U8,5,0,
V044,R2,U9,5,0,
V044,R2,U10,5,0,
V044,R2,U11,5,0,
V044,R2,U12,5,0,
V044,R2,U13,5,0,
V044,R2,U14,5,0,
V044,R2,U15,5,0,
V044,R2,U16,5,0,
V044,R2,U17,5,0,
V044,R2,U18,5,0,
V044,R2,U19,5,0,
V044,R2,U20,5,0,
V044,R3,U1,4,0,
V044,R3,U2,4,0,
V044,R3,U3,4,0,
V044,R3,U4,5,0,
V044,R3,U5,4,0,
V044,R3,U6,5,0,
V044,R3,U7,4,0,
V044,R3,U8,5,0,
V044,R3,U9,4,0,
V044,R3,U10,5,0,
V044,R3,U11,5,0,
V044,R3,U12,5,0,
V044,R3,U13,5,0,
V044,R3,U14,4,0,
V044,R3,U15,4,0,
V044,R3,U16,5,0,
V044,R3,U17,5,0,
V044,R3,U18,5,0,
V044,R3,U19,5,0,
V044,R3,U20,5,0,
V044,R4,U1,4,0,
V044,R4,U2,4,0,
V044,R4,U3,4,0,
V044,R4,U4,5,0,
V044,R4,U5,4,0,
V044,R4,U6,5,0,
V044,R4,U7,4,0,
V044,R4,U8,5,0,
V044,R4,U9,4,0,
V044,R4,U10,5,0,
V044,R4,U11,5,0,
V044,R4,U12,5,0,
V044,R4,U13,5,0,
V044,R4,U14,5,0,
V044,R4,U15,5,0,
V044,R4,U16,5,0,
V044,R4,U17,5,0,
V044,R4,U18,5,0,
V044,R4,U19,5,0,
V044,R4,U20,5,0,
V044,R5,U1,4,0,
V044,R5,U2,4,0,
V044,R5,U3,4,0,
V044,R5,U4,5,0,
V044,R5,U5,4,0,
V044,R5,U6,4,0,
V044,R5,U7,3,0,
V044,R5,U8,4,0,
V044,R5,U9,5,0,
V044,R5,U10,5,0,
V044,R5,U11,5,0,
V044,R5,U12,5,0,
V044,R5,U13,5,0,
V044,R5,U14,5,0,
V044,R5,U15,5,0,
V044,R5,U16,5,0,
V044,R5,U17,5,0,
V044,R5,U18,5,0,
V044,R5,U19,5,0,
V044,R5,U20,5,0,
V045,R1,U1,4,0,
V045,R1,U2,4,0,
V045,R1,U3,4,0,
V045,R1,U4,5,0,
V045,R1,U5,5,0,
V045,R1,U6,5,0,
V045,R1,U7,3,0,
V045,R1,U8,4,0,
V045,R1,U9,4,0,
V045,R1,U10,4,0,
V045,R1,U11,5,0,
V045,R1,U12,4,0,
V045,R1,U13,5,0,
V045,R1,U14,5,0,
V045,R1,U15,4,0,
V045,R1,U16,5,0,
V045,R1,U17,5,0,
V045,R1,U18,5,0,
V045,R1,U19,4,0,
V045,R1,U20,5,0,
V045,R2,U1,4,0,
V045,R2,U2,4,0,
V045,R2,U3,5,0,
V045,R2,U4,5,0,
V045,R2,U5,5,0,
V045,R2,U6,4,0,
V045,R2,U7,3,0,
V045,R2,U8,4,0,
V045,R2,U9,5,0,
V045,R2,U10,5,0,
V045,R2,U11,5,0,
V045,R2,U12,4,0,
V045,R2,U13,5,0,
V045,R2,U14,5,0,
V045,R2,U15,5,0,
V045,R2,U16,5,0,
V045,R2,U17,5,0,
V045,R2,U18,5,0,
V045,R2,U19,4,0,
V045,R2,U20,5,0,
V045,R3,U1,4,0,
V045,R3,U2,4,0,
V045,R3,U3,5,0,
V045,R3,U4,5,0,
V045,R3,U5,5,0,
V045,R3,U6,4,0,
V045,R3,U7,4,0,
V045,R3,U8,4,0,
V045,R3,U9,5,0,
V045,R3,U10,5,0,
V045,R3,U11,5,0,
V045,R3,U12,4,0,
V045,R3,U13,5,0,
V045,R3,U14,5,0,
V045,R3,U15,4,0,
V045,R3,U16,5,0,
V045,R3,U17,5,0,
V045,R3,U18,5,0,
V045,R3,U19,5,0,
V045,R3,U20,5,0,
V045,R4,U1,4,0,
V045,R4,U2,4,0,
V045,R4,U3,4,0,
V045,R4,U4,4,0,
V045,R4,U5,5,0,
V045,R4,U6,5,0,
V045,R4,U7,4,0,
V045,R4,U8,5,0,
V045,R4,U9,4,0,
V045,R4,U10,5,0,
V045,R4,U11,5,0,
V045,R4,U12,4,0,
V045,R4,U13,5,0,
V045,R4,U14,5,0,
V045,R4,U15,5,0,
V045,R4,U16,5,0,
V045,R4,U17,5,0,
V045,R4,U18,5,0,
V045,R4,U19,5,0,
V045,R4,U20,5,0,
V045,R5,U1,4,0,
V045,R5,U2,4,0,
V045,R5,U3,4,0,
V045,R5,U4,5,0,
V045,R5,U5,5,0,
V045,R5,U6,5,0,
V045,R5,U7,5,0,
V045,R5,U8,5,0,
V045,R5,U9,5,0,
V045,R5,U10,5,0,
V045,R5,U11,5,0,
V045,R5,U12,5,0,
V045,R5,U13,5,0,
V045,R5,U14,5,0,
V045,R5,U15,4,0,
V045,R5,U16,5,0,
V045,R5,U17,5,0,
V045,R5,U18,5,0,
V045,R5,U19,4,0,
V045,R5,U20,4,0,
V046,R1,U1,4,0,
V046,R1,U2,4,0,
V046,R1,U3,4,0,
V046,R1,U4,4,0,
V046,R1,U5,4,0,
V046,R1,U6,5,0,
V046,R1,U7,4,0,
V046,R1,U8,5,0,
V046,R1,U9,5,0,
V046,R1,U10,5,0,
V046,R1,U11,5,0,
V046,R1,U12,5,0,
V046,R1,U13,5,0,
V046,R1,U14,5,0,
V046,R1,U15,5,0,
V046,R1,U16,5,0,
V046,R1,U17,5,0,
V046,R1,U18,5,0,
V046,R1,U19,5,0,
V046,R1,U20,5,0,
V046,R2,U1,4,0,
V046,R2,U2,5,0,
V046,R2,U3,5,0,
V046,R2,U4,4,0,
V046,R2,U5,5,0,
V046,R2,U6,5,0,
V046,R2,U7,3,0,
V046,R2,U8,5,0,
V046,R2,U9,5,0,
V046,R2,U10,5,0,
V046,R2,U11,5,0,
V046,R2,U12,5,0,
V046,R2,U13,5,0,
V046,R2,U14,5,0,
V046,R2,U15,5,0,
V046,R2,U16,5,0,
V046,R2,U17,5,0,
V046,R2,U18,5,0,
V046,R2,U19,5,0,
V046,R2,U20,5,0,
V046,R3,U1,4,0,
V046,R3,U2,5,0,
V046,R3,U3,5,0,
V046,R3,U4,4,0,
V046,R3,U5,3,0,
V046,R3,U6,4,0,
V046,R3,U7,3,0,
V046,R3,U8,5,0,
V046,R3,U9,4,0,
V046,R3,U10,5,0,
V046,R3,U11,5,0,
V046,R3,U12,5,0,
V046,R3,U13,5,0,
V046,R3,U14,5,0,
V046,R3,U15,5,0,
V046,R3,U16,5,0,
V046,R3,U17,5,0,
V046,R3,U18,5,0,
V046,R3,U19,5,0,
V046,R3,U20,5,0,
V046,R4,U1,4,0,
V046,R4,U2,5,0,
V046,R4,U3,5,0,
V046,R4,U4,4,0,
V046,R4,U5,3,0,
V046,R4,U6,5,0,
V046,R4,U7,3,0,
V046,R4,U8,5,0,
V046,R4,U9,5,0,
V046,R4,U10,5,0,
V046,R4,U11,5,0,
V046,R4,U12,4,0,
V046,R4,U13,5,0,
V046,R4,U14,5,0,
V046,R4,U15,5,0,
V046,R4,U16,5,0,
V046,R4,U17,5,0,
V046,R4,U18,5,0,
V046,R4,U19,5,0,
V046,R4,U20,5,0,
V046,R5,U1,4,0,
V046,R5,U2,5,0,
V046,R5,U3,4,0,
V046,R5,U4,5,0,
V046,R5,U5,3,0,
V046,R5,U6,5,0,
V046,R5,U7,3,0,
V046,R5,U8,5,0,
V046,R5,U9,5,0,
V046,R5,U10,5,0,
V046,R5,U11,4,0,
V046,R5,U12,5,0,
V046,R5,U13,5,0,
V046,R5,U14,5,0,
V046,R5,U15,5,0,
V046,R5,U16,5,0,
V046,R5,U17,5,0,
V046,R5,U18,5,0,
V046,R5,U19,5,0,
V046,R5,U20,5,0,
V047,R1,U1,3,0,
V047,R1,U2,4,0,
V047,R1,U3,4,0,
V047,R1,U4,4,0,
V047,R1,U5,4,0,
V047,R1,U6,5,0,
V047,R1,U7,3,0,
V047,R1,U8,5,0,
V047,R1,U9,4,0,
V047,R1,U10,5,0,
V047,R1,U11,5,0,
V047,R1,U12,5,0,
V047,R1,U13,5,0,
V047,R1,U14,5,0,
V047,R1,U15,4,0,
V047,R1,U16,5,0,
V047,R1,U17,5,0,
V047,R1,U18,5,0,
V047,R1,U19,5,0,
V047,R1,U20,4,0,
V047,R2,U1,4,0,
V047,R2,U2,4,0,
V047,R2,U3,2,0,
V047,R2,U4,4,0,
V047,R2,U5,5,0,
V047,R2,U6,5,0,
V047,R2,U7,3,0,
V047,R2,U8,5,0,
V047,R2,U9,5,0,
V047,R2,U10,5,0,
V047,R2,U11,5,0,
V047,R2,U12,5,0,
V047,R2,U13,5,0,
V047,R2,U14,5,0,
V047,R2,U15,3,0,
V047,R2,U16,5,0,
V047,R2,U17,5,0,
V047,R2,U18,5,0,
V047,R2,U19,5,0,
V047,R2,U20,4,0,
V047,R3,U1,3,0,
V047,R3,U2,4,0,
V047,R3,U3,3,0,
V047,R3,U4,4,0,
V047,R3,U5,4,0,
V047,R3,U6,5,0,
V047,R3,U7,3,0,
V047,R3,U8,4,0,
V047,R3,U9,4,0,
V047,R3,U10,5,0,
V047,R3,U11,5,0,
V047,R3,U12,5,0,
V047,R3,U13,4,0,
V047,R3,U14,5,0,
V047,R3,U15,3,0,
V047,R3,U16,5,0,
V047,R3,U17,5,0,
V047,R3,U18,5,0,
V047,R3,U19,5,0,
V047,R3,U20,4,0,
V047,R4,U1,3,0,
V047,R4,U2,4,0,
V047,R4,U3,3,0,
V047,R4,U4,4,0,
V047,R4,U5,5,0,
V047,R4,U6,5,0,
V047,R4,U7,4,0,
V047,R4,U8,5,0,
V047,R4,U9,4,0,
V047,R4,U10,5,0,
V047,R4,U11,5,0,
V047,R4,U12,5,0,
V047,R4,U13,5,0,
V047,R4,U14,5,0,
V047,R4,U15,4,0,
V047,R4,U16,5,0,
V047,R4,U17,5,0,
V047,R4,U18,5,0,
V047,R4,U19,5,0,
V047,R4,U20,5,0,
V047,R5,U1,3,0,
V047,R5,U2,4,0,
V047,R5,U3,5,0,
V047,R5,U4,4,0,
V047,R5,U5,4,0,
V047,R5,U6,5,0,
V047,R5,U7,3,0,
V047,R5,U8,5,0,
V047,R5,U9,4,0,
V047,R5,U10,5,0,
V047,R5,U11,5,0,
V047,R5,U12,5,0,
V047,R5,U13,5,0,
V047,R5,U14,5,0,
V047,R5,U15,3,0,
V047,R5,U16,5,0,
V047,R5,U17,5,0,
V047,R5,U18,5,0,
V047,R5,U19,5,0,
V047,R5,U20,5,0,
V048,R1,U1,4,0,
V048,R1,U2,5,0,
V048,R1,U3,4,0,
V048,R1,U4,5,0,
V048,R1,U5,4,0,
V048,R1,U6,5,0,
V048,R1,U7,3,0,
V048,R1,U8,5,0,
V048,R1,U9,4,0,
V048,R1,U10,5,0,
V048,R1,U11,5,0,
V048,R1,U12,4,0,
V048,R1,U13,5,0,
V048,R1,U14,5,0,
V048,R1,U15,4,0,
V048,R1,U16,5,0,
V048,R1,U17,5,0,
V048,R1,U18,5,0,
V048,R1,U19,4,0,
V048,R1,U20,4,0,
V048,R2,U1,4,0,
V048,R2,U2,4,0,
V048,R2,U3,4,0,
V048,R2,U4,4,0,
V048,R2,U5,5,0,
V048,R2,U6,5,0,
V048,R2,U7,3,0,
V048,R2,U8,5,0,
V048,R2,U9,5,0,
V048,R2,U10,5,0,
V048,R2,U11,5,0,
V048,R2,U12,5,0,
V048,R2,U13,5,0,
V048,R2,U14,5,0,
V048,R2,U15,5,0,
V048,R2,U16,5,0,
V048,R2,U17,5,0,
V048,R2,U18,5,0,
V048,R2,U19,5,0,
V048,R2,U20,5,0,
V048,R3,U1,4,0,
V048,R3,U2,5,0,
V048,R3,U3,4,0,
V048,R3,U4,5,0,
V048,R3,U5,4,0,
V048,R3,U6,5,0,
V048,R3,U7,5,0,
V048,R3,U8,5,0,
V048,R3,U9,5,0,
V048,R3,U10,5,0,
V048,R3,U11,5,0,
V048,R3,U12,5,0,
V048,R3,U13,5,0,
V048,R3,U14,5,0,
V048,R3,U15,4,0,
V048,R3,U16,5,0,
V048,R3,U17,5,0,
V048,R3,U18,5,0,
V048,R3,U19,5,0,
V048,R3,U20,5,0,
V048,R4,U1,4,0,
V048,R4,U2,4,0,
V048,R4,U3,3,0,
V048,R4,U4,4,0,
V048,R4,U5,5,0,
V048,R4,U6,5,0,
V048,R4,U7,3,0,
V048,R4,U8,4,0,
V048,R4,U9,5,0,
V048,R4,U10,5,0,
V048,R4,U11,5,0,
V048,R4,U12,5,0,
V048,R4,U13,5,0,
V048,R4,U14,5,0,
V048,R4,U15,4,0,
V048,R4,U16,5,0,
V048,R4,U17,5,0,
V048,R4,U18,5,0,
V048,R4,U19,5,0,
V048,R4,U20,5,0,
V048,R5,U1,4,0,
V048,R5,U2,4,0,
V048,R5,U3,4,0,
V048,R5,U4,4,0,
V048,R5,U5,5,0,
V048,R5,U6,5,0,
V048,R5,U7,5,0,
V048,R5,U8,5,0,
V048,R5,U9,4,0,
V048,R5,U10,5,0,
V048,R5,U11,5,0,
V048,R5,U12,5,0,
V048,R5,U13,5,0,
V048,R5,U14,5,0,
V048,R5,U15,5,0,
V048,R5,U16,5,0,
V048,R5,U17,5,0,
V048,R5,U18,5,0,
V048,R5,U19,4,0,
V048,R5,U20,4,0,
V049,R1,U1,4,0,
V049,R1,U2,4,0,
V049,R1,U3,1,0,
V049,R1,U4,5,0,
V049,R1,U5,1,0,
V049,R1,U6,5,0,
V049,R1,U7,5,0,
V049,R1,U8,4,0,
V049,R1,U9,5,0,
V049,R1,U10,5,0,
V049,R1,U11,5,0,
V049,R1,U12,5,0,
V049,R1,U13,4,0,
V049,R1,U14,5,0,
V049,R1,U15,4,0,
V049,R1,U16,5,0,
V049,R1,U17,5,0,
V049,R1,U18,5,0,
V049,R1,U19,5,0,
V049,R1,U20,5,0,
V049,R2,U1,4,0,
V049,R2,U2,4,0,
V049,R2,U3,1,0,
V049,R2,U4,4,0,
V049,R2,U5,2,0,
V049,R2,U6,5,0,
V049,R2,U7,5,0,
V049,R2,U8,5,0,
V049,R2,U9,4,0,
V049,R2,U10,5,0,
V049,R2,U11,5,0,
V049,R2,U12,5,0,
V049,R2,U13,5,0,
V049,R2,U14,5,0,
V049,R2,U15,3,0,
V049,R2,U16,5,0,
V049,R2,U17,5,0,
V049,R2,U18,5,0,
V049,R2,U19,5,0,
V049,R2,U20,5,0,
V049,R3,U1,4,0,
V049,R3,U2,4,0,
V049,R3,U3,3,0,
V049,R3,U4,5,0,
V049,R3,U5,3,0,
V049,R3,U6,5,0,
V049,R3,U7,5,0,
V049,R3,U8,5,0,
V049,R3,U9,4,0,
V049,R3,U10,5,0,
V049,R3,U11,5,0,
V049,R3,U12,4,0,
V049,R3,U13,5,0,
V049,R3,U14,5,0,
V049,R3,U15,3,0,
V049,R3,U16,5,0,
V049,R3,U17,5,0,
V049,R3,U18,5,0,
V049,R3,U19,4,0,
V049,R3,U20,4,0,
V049,R4,U1,4,0,
V049,R4,U2,3,0,
V049,R4,U3,1,0,
V049,R4,U4,5,0,
V049,R4,U5,1,0,
V049,R4,U6,4,0,
V049,R4,U7,3,0,
V049,R4,U8,4,0,
V049,R4,U9,4,0,
V049,R4,U10,5,0,
V049,R4,U11,5,0,
V049,R4,U12,4,0,
V049,R4,U13,4,0,
V049,R4,U14,5,0,
V049,R4,U15,3,0,
V049,R4,U16,5,0,
V049,R4,U17,5,0,
V049,R4,U18,5,0,
V049,R4,U19,4,0,
V049,R4,U20,4,0,
V049,R5,U1,4,0,
V049,R5,U2,4,0,
V049,R5,U3,3,0,
V049,R5,U4,4,0,
V049,R5,U5,3,0,
V049,R5,U6,5,0,
V049,R5,U7,5,0,
V049,R5,U8,4,0,
V049,R5,U9,4,0,
V049,R5,U10,5,0,
V049,R5,U11,5,0,
V049,R5,U12,5,0,
V049,R5,U13,4,0,
V049,R5,U14,5,0,
V049,R5,U15,4,0,
V049,R5,U16,5,0,
V049,R5,U17,5,0,
V049,R5,U18,5,0,
V049,R5,U19,4,0,
V049,R5,U20,5,0,
V050,R1,U1,3,1,not_assessable
V050,R1,U2,3,1,not_assessable
V050,R1,U3,3,1,not_assessable
V050,R1,U4,3,1,not_assessable
V050,R1,U5,3,1,not_assessable
V050,R1,U6,3,1,not_assessable
V050,R1,U7,3,1,not_assessable
V050,R1,U8,3,1,not_assessable
V050,R1,U9,3,1,not_assessable
V050,R1,U10,3,1,not_assessable
V050,R1,U11,3,1,not_assessable
V050,R1,U12,3,1,not_assessable
V050,R1,U13,3,1,not_assessable
V050,R1,U14,3,1,not_assessable
V050,R1,U15,3,1,not_assessable
V050,R1,U16,3,0,
V050,R1,U17,3,0,
V050,R1,U18,3,0,
V050,R1,U19,3,0,
V050,R1,U20,3,1,not_assessable
V050,R2,U1,1,0,
V050,R2,U2,1,0,
V050,R2,U3,1,0,
V050,R2,U4,1,0,
V050,R2,U5,1,0,
V050,R2,U6,1,0,
V050,R2,U7,1,0,
V050,R2,U8,1,0,
V050,R2,U9,1,0,
V050,R2,U10,1,0,
V050,R2,U11,1,0,
V050,R2,U12,1,0,
V050,R2,U13,1,0,
V050,R2,U14,1,0,
V050,R2,U15,1,0,
V050,R2,U16,3,0,
V050,R2,U17,3,0,
V050,R2,U18,4,0,
V050,R2,U19,3,0,
V050,R2,U20,1,0,
V050,R3,U1,3,1,not_assessable
V050,R3,U2,3,1,not_assessable
V050,R3,U3,3,1,not_assessable
V050,R3,U4,3,1,not_assessable
V050,R3,U5,3,1,not_assessable
V050,R3,U6,3,1,not_assessable
V050,R3,U7,3,1,not_assessable
V050,R3,U8,3,1,not_assessable
V050,R3,U9,3,1,not_assessable
V050,R3,U10,3,1,not_assessable
V050,R3,U11,3,1,not_assessable
V050,R3,U12,3,1,not_assessable
V050,R3,U13,3,1,not_assessable
V050,R3,U14,3,1,not_assessable
V050,R3,U15,3,1,not_assessable
V050,R3,U16,3,0,
V050,R3,U17,3,0,
V050,R3,U18,3,0,
V050,R3,U19,3,0,
V050,R3,U20,3,1,not_assessable
V050,R4,U1,3,1,not_assessable
V050,R4,U2,3,1,not_assessable
V050,R4,U3,3,1,not_assessable
V050,R4,U4,3,1,not_assessable
V050,R4,U5,3,1,not_assessable
V050,R4,U6,3,1,not_assessable
V050,R4,U7,3,1,not_assessable
V050,R4,U8,3,1,not_assessable
V050,R4,U9,3,1,not_assessable
V050,R4,U10,3,1,not_assessable
V050,R4,U11,3,1,not_assessable
V050,R4,U12,3,1,not_assessable
V050,R4,U13,3,1,not_assessable
V050,R4,U14,3,1,not_assessable
V050,R4,U15,3,1,not_assessable
V050,R4,U16,3,0,
V050,R4,U17,3,0,
V050,R4,U18,3,0,
V050,R4,U19,3,1,not_assessable
V050,R4,U20,3,1,not_assessable
V050,R5,U1,3,1,not_assessable
V050,R5,U2,3,1,not_assessable
V050,R5,U3,3,1,not_assessable
V050,R5,U4,3,1,not_assessable
V050,R5,U5,3,1,not_assessable
V050,R5,U6,3,1,not_assessable
V050,R5,U7,3,1,not_assessable
V050,R5,U8,3,1,not_assessable
V050,R5,U9,3,1,not_assessable
V050,R5,U10,3,1,not_assessable
V050,R5,U11,3,1,not_assessable
V050,R5,U12,3,1,not_assessable
V050,R5,U13,3,1,not_assessable
V050,R5,U14,3,1,not_assessable
V050,R5,U15,3,1,not_assessable
V050,R5,U16,3,0,
V050,R5,U17,3,0,
V050,R5,U18,3,0,
V050,R5,U19,3,1,not_assessable
V050,R5,U20,3,1,not_assessable
V051,R1,U1,4,0,
V051,R1,U2,4,0,
V051,R1,U3,5,0,
V051,R1,U4,5,0,
V051,R1,U5,3,0,
V051,R1,U6,5,0,
V051,R1,U7,5,0,
V051,R1,U8,5,0,
V051,R1,U9,5,0,
V051,R1,U10,5,0,
V051,R1,U11,5,0,
V051,R1,U12,5,0,
V051,R1,U13,5,0,
V051,R1,U14,5,0,
V051,R1,U15,5,0,
V051,R1,U16,5,0,
V051,R1,U17,5,0,
V051,R1,U18,5,0,
V051,R1,U19,5,0,
V051,R1,U20,5,0,
V051,R2,U1,4,0,
V051,R2,U2,4,0,
V051,R2,U3,4,0,
V051,R2,U4,5,0,
V051,R2,U5,3,0,
V051,R2,U6,5,0,
V051,R2,U7,4,0,
V051,R2,U8,4,0,
V051,R2,U9,4,0,
V051,R2,U10,5,0,
V051,R2,U11,5,0,
V051,R2,U12,4,0,
V051,R2,U13,5,0,
V051,R2,U14,5,0,
V051,R2,U15,5,0,
V051,R2,U16,5,0,
V051,R2,U17,5,0,
V051,R2,U18,5,0,
V051,R2,U19,5,0,
V051,R2,U20,5,0,
V051,R3,U1,4,0,
V051,R3,U2,4,0,
V051,R3,U3,5,0,
V051,R3,U4,5,0,
V051,R3,U5,4,0,
V051,R3,U6,5,0,
V051,R3,U7,5,0,
V051,R3,U8,5,0,
V051,R3,U9,5,0,
V051,R3,U10,5,0,
V051,R3,U11,5,0,
V051,R3,U12,5,0,
V051,R3,U13,5,0,
V051,R3,U14,5,0,
V051,R3,U15,5,0,
V051,R3,U16,5,0,
V051,R3,U17,5,0,
V051,R3,U18,5,0,
V051,R3,U19,5,0,
V051,R3,U20,5,0,
V051,R4,U1,4,0,
V051,R4,U2,4,0,
V051,R4,U3,5,0,
V051,R4,U4,5,0,
V051,R4,U5,5,0,
V051,R4,U6,5,0,
V051,R4,U7,5,0,
V051,R4,U8,5,0,
V051,R4,U9,5,0,
V051,R4,U10,5,0,
V051,R4,U11,5,0,
V051,R4,U12,5,0,
V051,R4,U13,5,0,
V051,R4,U14,5,0,
V051,R4,U15,5,0,
V051,R4,U16,5,0,
V051,R4,U17,5,0,
V051,R4,U18,5,0,
V051,R4,U19,5,0,
V051,R4,U20,5,0,
V051,R5,U1,4,0,
V051,R5,U2,4,0,
V051,R5,U3,5,0,
V051,R5,U4,5,0,
V051,R5,U5,4,0,
V051,R5,U6,5,0,
V051,R5,U7,3,0,
V051,R5,U8,5,0,
V051,R5,U9,5,0,
V051,R5,U10,5,0,
V051,R5,U11,5,0,
V051,R5,U12,4,0,
V051,R5,U13,5,0,
V051,R5,U14,5,0,
V051,R5,U15,4,0,
V051,R5,U16,5,0,
V051,R5,U17,5,0,
V051,R5,U18,5,0,
V051,R5,U19,5,0,
V051,R5,U20,5,0,
V052,R1,U1,4,0,
V052,R1,U2,4,0,
V052,R1,U3,4,0,
V052,R1,U4,3,0,
V052,R1,U5,4,0,
V052,R1,U6,5,0,
V052,R1,U7,5,0,
V052,R1,U8,4,0,
V052,R1,U9,5,0,
V052,R1,U10,4,0,
V052,R1,U11,5,0,
V052,R1,U12,4,0,
V052,R1,U13,5,0,
V052,R1,U14,5,0,
V052,R1,U15,4,0,
V052,R1,U16,5,0,
V052,R1,U17,5,0,
V052,R1,U18,5,0,
V052,R1,U19,4,0,
V052,R1,U20,4,0,
V052,R2,U1,4,0,
V052,R2,U2,4,0,
V052,R2,U3,3,0,
V052,R2,U4,4,0,
V052,R2,U5,4,0,
V052,R2,U6,5,0,
V052,R2,U7,5,0,
V052,R2,U8,5,0,
V052,R2,U9,5,0,
V052,R2,U10,5,0,
V052,R2,U11,5,0,
V052,R2,U12,4,0,
V052,R2,U13,5,0,
V052,R2,U14,5,0,
V052,R2,U15,4,0,
V052,R2,U16,5,0,
V052,R2,U17,5,0,
V052,R2,U18,5,0,
V052,R2,U19,4,0,
V052,R2,U20,4,0,
V052,R3,U1,4,0,
V052,R3,U2,4,0,
V052,R3,U3,4,0,
V052,R3,U4,4,0,
V052,R3,U5,4,0,
V052,R3,U6,5,0,
V052,R3,U7,5,0,
V052,R3,U8,5,0,
V052,R3,U9,5,0,
V052,R3,U10,5,0,
V052,R3,U11,5,0,
V052,R3,U12,4,0,
V052,R3,U13,5,0,
V052,R3,U14,5,0,
V052,R3,U15,5,0,
V052,R3,U16,5,0,
V052,R3,U17,5,0,
V052,R3,U18,5,0,
V052,R3,U19,5,0,
V052,R3,U20,5,0,
V052,R4,U1,4,0,
V052,R4,U2,4,0,
V052,R4,U3,4,0,
V052,R4,U4,3,0,
V052,R4,U5,4,0,
V052,R4,U6,4,0,
V052,R4,U7,5,0,
V052,R4,U8,4,0,
V052,R4,U9,5,0,
V052,R4,U10,4,0,
V052,R4,U11,5,0,
V052,R4,U12,4,0,
V052,R4,U13,5,0,
V052,R4,U14,5,0,
V052,R4,U15,5,0,
V052,R4,U16,5,0,
V052,R4,U17,5,0,
V052,R4,U18,5,0,
V052,R4,U19,5,0,
V052,R4,U20,5,0,
V052,R5,U1,4,0,
V052,R5,U2,4,0,
V052,R5,U3,3,0,
V052,R5,U4,4,0,
V052,R5,U5,5,0,
V052,R5,U6,5,0,
V052,R5,U7,5,0,
V052,R5,U8,5,0,
V052,R5,U9,5,0,
V052,R5,U10,5,0,
V052,R5,U11,5,0,
V052,R5,U12,4,0,
V052,R5,U13,5,0,
V052,R5,U14,5,0,
V052,R5,U15,4,0,
V052,R5,U16,5,0,
V052,R5,U17,5,0,
V052,R5,U18,5,0,
V052,R5,U19,5,0,
V052,R5,U20,5,0,
V053,R1,U1,4,0,
V053,R1,U2,5,0,
V053,R1,U3,4,0,
V053,R1,U4,5,0,
V053,R1,U5,3,0,
V053,R1,U6,5,0,
V053,R1,U7,4,0,
V053,R1,U8,4,0,
V053,R1,U9,4,0,
V053,R1,U10,5,0,
V053,R1,U11,5,0,
V053,R1,U12,4,0,
V053,R1,U13,5,0,
V053,R1,U14,5,0,
V053,R1,U15,5,0,
V053,R1,U16,5,0,
V053,R1,U17,5,0,
V053,R1,U18,5,0,
V053,R1,U19,5,0,
V053,R1,U20,5,0,
V053,R2,U1,4,0,
V053,R2,U2,4,0,
V053,R2,U3,4,0,
V053,R2,U4,4,0,
V053,R2,U5,3,0,
V053,R2,U6,4,0,
V053,R2,U7,3,0,
V053,R2,U8,4,0,
V053,R2,U9,4,0,
V053,R2,U10,4,0,
V053,R2,U11,4,0,
V053,R2,U12,4,0,
V053,R2,U13,5,0,
V053,R2,U14,4,0,
V053,R2,U15,5,0,
V053,R2,U16,5,0,
V053,R2,U17,5,0,
V053,R2,U18,5,0,
V053,R2,U19,5,0,
V053,R2,U20,5,0,
V053,R3,U1,4,0,
V053,R3,U2,5,0,
V053,R3,U3,4,0,
V053,R3,U4,5,0,
V053,R3,U5,4,0,
V053,R3,U6,5,0,
V053,R3,U7,4,0,
V053,R3,U8,5,0,
V053,R3,U9,5,0,
V053,R3,U10,5,0,
V053,R3,U11,5,0,
V053,R3,U12,5,0,
V053,R3,U13,5,0,
V053,R3,U14,5,0,
V053,R3,U15,5,0,
V053,R3,U16,5,0,
V053,R3,U17,5,0,
V053,R3,U18,5,0,
V053,R3,U19,5,0,
V053,R3,U20,5,0,
V053,R4,U1,4,0,
V053,R4,U2,5,0,
V053,R4,U3,4,0,
V053,R4,U4,5,0,
V053,R4,U5,4,0,
V053,R4,U6,5,0,
V053,R4,U7,4,0,
V053,R4,U8,5,0,
V053,R4,U9,4,0,
V053,R4,U10,5,0,
V053,R4,U11,5,0,
V053,R4,U12,4,0,
V053,R4,U13,5,0,
V053,R4,U14,5,0,
V053,R4,U15,4,0,
V053,R4,U16,5,0,
V053,R4,U17,5,0,
V053,R4,U18,5,0,
V053,R4,U19,5,0,
V053,R4,U20,5,0,
V053,R5,U1,4,0,
V053,R5,U2,4,0,
V053,R5,U3,4,0,
V053,R5,U4,5,0,
V053,R5,U5,3,0,
V053,R5,U6,4,0,
V053,R5,U7,3,0,
V053,R5,U8,4,0,
V053,R5,U9,5,0,
V053,R5,U10,4,0,
V053,R5,U11,4,0,
V053,R5,U12,3,0,
V053,R5,U13,5,0,
V053,R5,U14,4,0,
V053,R5,U15,4,0,
V053,R5,U16,5,0,
V053,R5,U17,5,0,
V053,R5,U18,5,0,
V053,R5,U19,5,0,
V053,R5,U20,4,0,
V054,R1,U1,4,0,
V054,R1,U2,4,0,
V054,R1,U3,4,0,
V054,R1,U4,5,0,
V054,R1,U5,4,0,
V054,R1,U6,5,0,
V054,R1,U7,5,0,
V054,R1,U8,5,0,
V054,R1,U9,5,0,
V054,R1,U10,5,0,
V054,R1,U11,5,0,
V054,R1,U12,5,0,
V054,R1,U13,5,0,
V054,R1,U14,5,0,
V054,R1,U15,4,0,
V054,R1,U16,5,0,
V054,R1,U17,5,0,
V054,R1,U18,5,0,
V054,R1,U19,5,0,
V054,R1,U20,5,0,
V054,R2,U1,4,0,
V054,R2,U2,4,0,
V054,R2,U3,1,0,
V054,R2,U4,5,0,
V054,R2,U5,3,0,
V054,R2,U6,5,0,
V054,R2,U7,5,0,
V054,R2,U8,4,0,
V054,R2,U9,4,0,
V054,R2,U10,5,0,
V054,R2,U11,5,0,
V054,R2,U12,4,0,
V054,R2,U13,4,0,
V054,R2,U14,5,0,
V054,R2,U15,5,0,
V054,R2,U16,5,0,
V054,R2,U17,5,0,
V054,R2,U18,5,0,
V054,R2,U19,5,0,
V054,R2,U20,5,0,
V054,R3,U1,4,0,
V054,R3,U2,4,0,
V054,R3,U3,4,0,
V054,R3,U4,5,0,
V054,R3,U5,4,0,
V054,R3,U6,5,0,
V054,R3,U7,5,0,
V054,R3,U8,5,0,
V054,R3,U9,5,0,
V054,R3,U10,5,0,
V054,R3,U11,5,0,
V054,R3,U12,5,0,
V054,R3,U13,5,0,
V054,R3,U14,5,0,
V054,R3,U15,5,0,
V054,R3,U16,5,0,
V054,R3,U17,5,0,
V054,R3,U18,5,0,
V054,R3,U19,5,0,
V054,R3,U20,5,0,
V054,R4,U1,4,0,
V054,R4,U2,4,0,
V054,R4,U3,4,0,
V054,R4,U4,5,0,
V054,R4,U5,5,0,
V054,R4,U6,5,0,
V054,R4,U7,4,0,
V054,R4,U8,5,0,
V054,R4,U9,4,0,
V054,R4,U10,5,0,
V054,R4,U11,5,0,
V054,R4,U12,4,0,
V054,R4,U13,4,0,
V054,R4,U14,5,0,
V054,R4,U15,4,0,
V054,R4,U16,5,0,
V054,R4,U17,5,0,
V054,R4,U18,5,0,
V054,R4,U19,5,0,
V054,R4,U20,5,0,
V054,R5,U1,4,0,
V054,R5,U2,4,0,
V054,R5,U3,4,0,
V054,R5,U4,5,0,
V054,R5,U5,5,0,
V054,R5,U6,5,0,
V054,R5,U7,5,0,
V054,R5,U8,5,0,
V054,R5,U9,5,0,
V054,R5,U10,5,0,
V054,R5,U11,5,0,
V054,R5,U12,5,0,
V054,R5,U13,4,0,
V054,R5,U14,5,0,
V054,R5,U15,5,0,
V054,R5,U16,5,0,
V054,R5,U17,5,0,
V054,R5,U18,5,0,
V054,R5,U19,5,0,
V054,R5,U20,5,0,
V055,R1,U1,4,0,
V055,R1,U2,1,0,
V055,R1,U3,1,0,
V055,R1,U4,5,0,
V055,R1,U5,1,0,
V055,R1,U6,4,0,
V055,R1,U7,1,0,
V055,R1,U8,4,0,
V055,R1,U9,4,0,
V055,R1,U10,5,0,
V055,R1,U11,5,0,
V055,R1,U12,5,0,
V055,R1,U13,5,0,
V055,R1,U14,5,0,
V055,R1,U15,4,0,
V055,R1,U16,5,0,
V055,R1,U17,5,0,
V055,R1,U18,5,0,
V055,R1,U19,5,0,
V055,R1,U20,5,0,
V055,R2,U1,4,0,
V055,R2,U2,4,0,
V055,R2,U3,1,0,
V055,R2,U4,5,0,
V055,R2,U5,5,0,
V055,R2,U6,5,0,
V055,R2,U7,5,0,
V055,R2,U8,5,0,
V055,R2,U9,5,0,
V055,R2,U10,5,0,
V055,R2,U11,5,0,
V055,R2,U12,5,0,
V055,R2,U13,5,0,
V055,R2,U14,5,0,
V055,R2,U15,5,0,
V055,R2,U16,5,0,
V055,R2,U17,5,0,
V055,R2,U18,5,0,
V055,R2,U19,5,0,
V055,R2,U20,5,0,
V055,R3,U1,5,0,
V055,R3,U2,4,0,
V055,R3,U3,4,0,
V055,R3,U4,5,0,
V055,R3,U5,4,0,
V055,R3,U6,5,0,
V055,R3,U7,5,0,
V055,R3,U8,5,0,
V055,R3,U9,4,0,
V055,R3,U10,5,0,
V055,R3,U11,5,0,
V055,R3,U12,4,0,
V055,R3,U13,5,0,
V055,R3,U14,5,0,
V055,R3,U15,4,0,
V055,R3,U16,5,0,
V055,R3,U17,5,0,
V055,R3,U18,5,0,
V055,R3,U19,5,0,
V055,R3,U20,5,0,
V055,R4,U1,5,0,
V055,R4,U2,4,0,
V055,R4,U3,1,0,
V055,R4,U4,5,0,
V055,R4,U5,5,0,
V055,R4,U6,5,0,
V055,R4,U7,5,0,
V055,R4,U8,5,0,
V055,R4,U9,5,0,
V055,R4,U10,5,0,
V055,R4,U11,5,0,
V055,R4,U12,5,0,
V055,R4,U13,5,0,
V055,R4,U14,5,0,
V055,R4,U15,4,0,
V055,R4,U16,5,0,
V055,R4,U17,5,0,
V055,R4,U18,5,0,
V055,R4,U19,5,0,
V055,R4,U20,5,0,
V055,R5,U1,4,0,
V055,R5,U2,3,0,
V055,R5,U3,1,0,
V055,R5,U4,5,0,
V055,R5,U5,3,0,
V055,R5,U6,5,0,
V055,R5,U7,5,0,
V055,R5,U8,4,0,
V055,R5,U9,4,0,
V055,R5,U10,5,0,
V055,R5,U11,5,0,
V055,R5,U12,4,0,
V055,R5,U13,5,0,
V055,R5,U14,5,0,
V055,R5,U15,2,0,
V055,R5,U16,5,0,
V055,R5,U17,5,0,
V055,R5,U18,5,0,
V055,R5,U19,5,0,
V055,R5,U20,4,0,
V056,R1,U1,4,0,
V056,R1,U2,3,0,
V056,R1,U3,1,0,
V056,R1,U4,4,0,
V056,R1,U5,1,0,
V056,R1,U6,4,0,
V056,R1,U7,5,0,
V056,R1,U8,3,0,
V056,R1,U9,3,0,
V056,R1,U10,4,0,
V056,R1,U11,5,0,
V056,R1,U12,4,0,
V056,R1,U13,4,0,
V056,R1,U14,5,0,
V056,R1,U15,5,0,
V056,R1,U16,5,0,
V056,R1,U17,5,0,
V056,R1,U18,5,0,
V056,R1,U19,5,0,
V056,R1,U20,5,0,
V056,R2,U1,3,0,
V056,R2,U2,3,0,
V056,R2,U3,1,0,
V056,R2,U4,4,0,
V056,R2,U5,3,0,
V056,R2,U6,4,0,
V056,R2,U7,5,0,
V056,R2,U8,3,0,
V056,R2,U9,4,0,
V056,R2,U10,5,0,
V056,R2,U11,5,0,
V056,R2,U12,4,0,
V056,R2,U13,5,0,
V056,R2,U14,5,0,
V056,R2,U15,5,0,
V056,R2,U16,5,0,
V056,R2,U17,5,0,
V056,R2,U18,5,0,
V056,R2,U19,4,0,
V056,R2,U20,4,0,
V056,R3,U1,4,0,
V056,R3,U2,3,0,
V056,R3,U3,1,0,
V056,R3,U4,4,0,
V056,R3,U5,1,0,
V056,R3,U6,4,0,
V056,R3,U7,5,0,
V056,R3,U8,4,0,
V056,R3,U9,4,0,
V056,R3,U10,5,0,
V056,R3,U11,5,0,
V056,R3,U12,5,0,
V056,R3,U13,4,0,
V056,R3,U14,5,0,
V056,R3,U15,5,0,
V056,R3,U16,5,0,
V056,R3,U17,5,0,
V056,R3,U18,5,0,
V056,R3,U19,5,0,
V056,R3,U20,5,0,
V056,R4,U1,4,0,
V056,R4,U2,4,0,
V056,R4,U3,1,0,
V056,R4,U4,5,0,
V056,R4,U5,4,0,
V056,R4,U6,5,0,
V056,R4,U7,5,0,
V056,R4,U8,4,0,
V056,R4,U9,4,0,
V056,R4,U10,5,0,
V056,R4,U11,5,0,
V056,R4,U12,4,0,
V056,R4,U13,4,0,
V056,R4,U14,5,0,
V056,R4,U15,5,0,
V056,R4,U16,5,0,
V056,R4,U17,5,0,
V056,R4,U18,5,0,
V056,R4,U19,5,0,
V056,R4,U20,5,0,
V056,R5,U1,3,0,
V056,R5,U2,4,0,
V056,R5,U3,3,0,
V056,R5,U4,5,0,
V056,R5,U5,3,0,
V056,R5,U6,4,0,
V056,R5,U7,5,0,
V056,R5,U8,4,0,
V056,R5,U9,5,0,
V056,R5,U10,4,0,
V056,R5,U11,5,0,
V056,R5,U12,4,0,
V056,R5,U13,5,0,
V056,R5,U14,4,0,
V056,R5,U15,5,0,
V056,R5,U16,5,0,
V056,R5,U17,5,0,
V056,R5,U18,5,0,
V056,R5,U19,4,0,
V056,R5,U20,4,0,
V057,R1,U1,4,0,
V057,R1,U2,4,0,
V057,R1,U3,4,0,
V057,R1,U4,5,0,
V057,R1,U5,3,0,
V057,R1,U6,4,0,
V057,R1,U7,3,0,
V057,R1,U8,4,0,
V057,R1,U9,5,0,
V057,R1,U10,4,0,
V057,R1,U11,4,0,
V057,R1,U12,4,0,
V057,R1,U13,5,0,
V057,R1,U14,4,0,
V057,R1,U15,5,0,
V057,R1,U16,5,0,
V057,R1,U17,5,0,
V057,R1,U18,5,0,
V057,R1,U19,5,0,
V057,R1,U20,5,0,
V057,R2,U1,4,0,
V057,R2,U2,4,0,
V057,R2,U3,4,0,
V057,R2,U4,5,0,
V057,R2,U5,3,0,
V057,R2,U6,5,0,
V057,R2,U7,5,0,
V057,R2,U8,5,0,
V057,R2,U9,5,0,
V057,R2,U10,5,0,
V057,R2,U11,5,0,
V057,R2,U12,5,0,
V057,R2,U13,5,0,
V057,R2,U14,5,0,
V057,R2,U15,5,0,
V057,R2,U16,5,0,
V057,R2,U17,5,0,
V057,R2,U18,5,0,
V057,R2,U19,5,0,
V057,R2,U20,5,0,
V057,R3,U1,4,0,
V057,R3,U2,4,0,
V057,R3,U3,4,0,
V057,R3,U4,5,0,
V057,R3,U5,3,0,
V057,R3,U6,5,0,
V057,R3,U7,3,0,
V057,R3,U8,5,0,
V057,R3,U9,5,0,
V057,R3,U10,5,0,
V057,R3,U11,5,0,
V057,R3,U12,5,0,
V057,R3,U13,5,0,
V057,R3,U14,5,0,
V057,R3,U15,5,0,
V057,R3,U16,5,0,
V057,R3,U17,5,0,
V057,R3,U18,5,0,
V057,R3,U19,5,0,
V057,R3,U20,5,0,
V057,R4,U1,4,0,
V057,R4,U2,4,0,
V057,R4,U3,4,0,
V057,R4,U4,5,0,
V057,R4,U5,3,0,
V057,R4,U6,5,0,
V057,R4,U7,5,0,
V057,R4,U8,5,0,
V057,R4,U9,5,0,
V057,R4,U10,5,0,
V057,R4,U11,5,0,
V057,R4,U12,5,0,
V057,R4,U13,5,0,
V057,R4,U14,5,0,
V057,R4,U15,5,0,
V057,R4,U16,5,0,
V057,R4,U17,5,0,
V057,R4,U18,5,0,
V057,R4,U19,5,0,
V057,R4,U20,5,0,
V057,R5,U1,4,0,
V057,R5,U2,5,0,
V057,R5,U3,4,0,
V057,R5,U4,5,0,
V057,R5,U5,3,0,
V057,R5,U6,5,0,
V057,R5,U7,4,0,
V057,R5,U8,5,0,
V057,R5,U9,5,0,
V057,R5,U10,5,0,
V057,R5,U11,5,0,
V057,R5,U12,4,0,
V057,R5,U13,5,0,
V057,R5,U14,5,0,
V057,R5,U15,5,0,
V057,R5,U16,5,0,
V057,R5,U17,5,0,
V057,R5,U18,5,0,
V057,R5,U19,5,0,
V057,R5,U20,5,0,
V058,R1,U1,4,0,
V058,R1,U2,4,0,
V058,R1,U3,1,0,
V058,R1,U4,4,0,
V058,R1,U5,3,0,
V058,R1,U6,5,0,
V058,R1,U7,4,0,
V058,R1,U8,5,0,
V058,R1,U9,5,0,
V058,R1,U10,5,0,
V058,R1,U11,5,0,
V058,R1,U12,5,0,
V058,R1,U13,5,0,
V058,R1,U14,5,0,
V058,R1,U15,4,0,
V058,R1,U16,5,0,
V058,R1,U17,5,0,
V058,R1,U18,5,0,
V058,R1,U19,5,0,
V058,R1,U20,5,0,
V058,R2,U1,4,0,
V058,R2,U2,4,0,
V058,R2,U3,4,0,
V058,R2,U4,4,0,
V058,R2,U5,3,0,
V058,R2,U6,5,0,
V058,R2,U7,5,0,
V058,R2,U8,5,0,
V058,R2,U9,5,0,
V058,R2,U10,5,0,
V058,R2,U11,5,0,
V058,R2,U12,5,0,
V058,R2,U13,5,0,
V058,R2,U14,5,0,
V058,R2,U15,4,0,
V058,R2,U16,5,0,
V058,R2,U17,5,0,
V058,R2,U18,5,0,
V058,R2,U19,5,0,
V058,R2,U20,5,0,
V058,R3,U1,4,0,
V058,R3,U2,4,0,
V058,R3,U3,1,0,
V058,R3,U4,4,0,
V058,R3,U5,3,0,
V058,R3,U6,5,0,
V058,R3,U7,4,0,
V058,R3,U8,5,0,
V058,R3,U9,5,0,
V058,R3,U10,5,0,
V058,R3,U11,5,0,
V058,R3,U12,5,0,
V058,R3,U13,5,0,
V058,R3,U14,5,0,
V058,R3,U15,5,0,
V058,R3,U16,5,0,
V058,R3,U17,5,0,
V058,R3,U18,5,0,
V058,R3,U19,5,0,
V058,R3,U20,5,0,
V058,R4,U1,4,0,
V058,R4,U2,4,0,
V058,R4,U3,3,0,
V058,R4,U4,4,0,
V058,R4,U5,4,0,
V058,R4,U6,4,0,
V058,R4,U7,5,0,
V058,R4,U8,4,0,
V058,R4,U9,5,0,
V058,R4,U10,4,0,
V058,R4,U11,5,0,
V058,R4,U12,5,0,
V058,R4,U13,5,0,
V058,R4,U14,5,0,
V058,R4,U15,4,0,
V058,R4,U16,5,0,
V058,R4,U17,5,0,
V058,R4,U18,5,0,
V058,R4,U19,5,0,
V058,R4,U20,5,0,
V058,R5,U1,4,0,
V058,R5,U2,4,0,
V058,R5,U3,4,0,
V058,R5,U4,5,0,
V058,R5,U5,3,0,
V058,R5,U6,5,0,
V058,R5,U7,3,0,
V058,R5,U8,5,0,
V058,R5,U9,4,0,
V058,R5,U10,5,0,
V058,R5,U11,5,0,
V058,R5,U12,5,0,
V058,R5,U13,5,0,
V058,R5,U14,5,0,
V058,R5,U15,5,0,
V058,R5,U16,5,0,
V058,R5,U17,5,0,
V058,R5,U18,5,0,
V058,R5,U19,5,0,
V058,R5,U20,5,0,
V059,R1,U1,4,0,
V059,R1,U2,4,0,
V059,R1,U3,3,0,
V059,R1,U4,5,0,
V059,R1,U5,4,0,
V059,R1,U6,5,0,
V059,R1,U7,5,0,
V059,R1,U8,5,0,
V059,R1,U9,4,0,
V059,R1,U10,5,0,
V059,R1,U11,5,0,
V059,R1,U12,5,0,
V059,R1,U13,5,0,
V059,R1,U14,5,0,
V059,R1,U15,2,0,
V059,R1,U16,5,0,
V059,R1,U17,5,0,
V059,R1,U18,5,0,
V059,R1,U19,5,0,
V059,R1,U20,5,0,
V059,R2,U1,4,0,
V059,R2,U2,4,0,
V059,R2,U3,5,0,
V059,R2,U4,5,0,
V059,R2,U5,5,0,
V059,R2,U6,5,0,
V059,R2,U7,5,0,
V059,R2,U8,5,0,
V059,R2,U9,5,0,
V059,R2,U10,5,0,
V059,R2,U11,5,0,
V059,R2,U12,5,0,
V059,R2,U13,5,0,
V059,R2,U14,5,0,
V059,R2,U15,4,0,
V059,R2,U16,5,0,
V059,R2,U17,5,0,
V059,R2,U18,5,0,
V059,R2,U19,5,0,
V059,R2,U20,5,0,
V059,R3,U1,4,0,
V059,R3,U2,5,0,
V059,R3,U3,4,0,
V059,R3,U4,5,0,
V059,R3,U5,4,0,
V059,R3,U6,5,0,
V059,R3,U7,5,0,
V059,R3,U8,5,0,
V059,R3,U9,4,0,
V059,R3,U10,4,0,
V059,R3,U11,5,0,
V059,R3,U12,4,0,
V059,R3,U13,5,0,
V059,R3,U14,5,0,
V059,R3,U15,3,0,
V059,R3,U16,5,0,
V059,R3,U17,5,0,
V059,R3,U18,5,0,
V059,R3,U19,5,0,
V059,R3,U20,5,0,
V059,R4,U1,4,0,
V059,R4,U2,4,0,
V059,R4,U3,1,0,
V059,R4,U4,5,0,
V059,R4,U5,4,0,
V059,R4,U6,4,0,
V059,R4,U7,5,0,
V059,R4,U8,5,0,
V059,R4,U9,4,0,
V059,R4,U10,5,0,
V059,R4,U11,5,0,
V059,R4,U12,4,0,
V059,R4,U13,4,0,
V059,R4,U14,5,0,
V059,R4,U15,3,0,
V059,R4,U16,5,0,
V059,R4,U17,5,0,
V059,R4,U18,5,0,
V059,R4,U19,5,0,
V059,R4,U20,5,0,
V059,R5,U1,4,0,
V059,R5,U2,4,0,
V059,R5,U3,1,0,
V059,R5,U4,5,0,
V059,R5,U5,4,0,
V059,R5,U6,5,0,
V059,R5,U7,5,0,
V059,R5,U8,4,0,
V059,R5,U9,4,0,
V059,R5,U10,5,0,
V059,R5,U11,5,0,
V059,R5,U12,5,0,
V059,R5,U13,5,0,
V059,R5,U14,5,0,
V059,R5,U15,3,0,
V059,R5,U16,5,0,
V059,R5,U17,5,0,
V059,R5,U18,5,0,
V059,R5,U19,5,0,
V059,R5,U20,5,0,
V060,R1,U1,4,0,
V060,R1,U2,4,0,
V060,R1,U3,2,0,
V060,R1,U4,3,0,
V060,R1,U5,1,0,
V060,R1,U6,5,0,
V060,R1,U7,5,0,
V060,R1,U8,5,0,
V060,R1,U9,5,0,
V060,R1,U10,5,0,
V060,R1,U11,5,0,
V060,R1,U12,5,0,
V060,R1,U13,5,0,
V060,R1,U14,5,0,
V060,R1,U15,4,0,
V060,R1,U16,5,0,
V060,R1,U17,5,0,
V060,R1,U18,5,0,
V060,R1,U19,4,0,
V060,R1,U20,5,0,
V060,R2,U1,4,0,
V060,R2,U2,3,0,
V060,R2,U3,1,0,
V060,R2,U4,4,0,
V060,R2,U5,3,0,
V060,R2,U6,5,0,
V060,R2,U7,5,0,
V060,R2,U8,4,0,
V060,R2,U9,5,0,
V060,R2,U10,5,0,
V060,R2,U11,5,0,
V060,R2,U12,5,0,
V060,R2,U13,5,0,
V060,R2,U14,5,0,
V060,R2,U15,4,0,
V060,R2,U16,5,0,
V060,R2,U17,5,0,
V060,R2,U18,5,0,
V060,R2,U19,4,0,
V060,R2,U20,4,0,
V060,R3,U1,4,0,
V060,R3,U2,4,0,
V060,R3,U3,1,0,
V060,R3,U4,4,0,
V060,R3,U5,3,0,
V060,R3,U6,4,0,
V060,R3,U7,5,0,
V060,R3,U8,4,0,
V060,R3,U9,4,0,
V060,R3,U10,4,0,
V060,R3,U11,5,0,
V060,R3,U12,4,0,
V060,R3,U13,5,0,
V060,R3,U14,5,0,
V060,R3,U15,5,0,
V060,R3,U16,5,0,
V060,R3,U17,5,0,
V060,R3,U18,5,0,
V060,R3,U19,4,0,
V060,R3,U20,5,0,
V060,R4,U1,4,0,
V060,R4,U2,4,0,
V060,R4,U3,2,0,
V060,R4,U4,2,0,
V060,R4,U5,3,0,
V060,R4,U6,5,0,
V060,R4,U7,5,0,
V060,R4,U8,4,0,
V060,R4,U9,4,0,
V060,R4,U10,5,0,
V060,R4,U11,5,0,
V060,R4,U12,4,0,
V060,R4,U13,4,0,
V060,R4,U14,5,0,
V060,R4,U15,5,0,
V060,R4,U16,5,0,
V060,R4,U17,5,0,
V060,R4,U18,5,0,
V060,R4,U19,4,0,
V060,R4,U20,4,0,
V060,R5,U1,4,0,
V060,R5,U2,4,0,
V060,R5,U3,3,0,
V060,R5,U4,4,0,
V060,R5,U5,3,0,
V060,R5,U6,4,0,
V060,R5,U7,5,0,
V060,R5,U8,4,0,
V060,R5,U9,4,0,
V060,R5,U10,4,0,
V060,R5,U11,5,0,
V060,R5,U12,4,0,
V060,R5,U13,4,0,
V060,R5,U14,5,0,
V060,R5,U15,4,0,
V060,R5,U16,5,0,
V060,R5,U17,5,0,
V060,R5,U18,5,0,
V060,R5,U19,4,0,
V060,R5,U20,4,0,
V061,R1,U1,4,0,
V061,R1,U2,4,0,
V061,R1,U3,5,0,
V061,R1,U4,5,0,
V061,R1,U5,4,0,
V061,R1,U6,5,0,
V061,R1,U7,5,0,
V061,R1,U8,5,0,
V061,R1,U9,4,0,
V061,R1,U10,5,0,
V061,R1,U11,5,0,
V061,R1,U12,5,0,
V061,R1,U13,5,0,
V061,R1,U14,5,0,
V061,R1,U15,4,0,
V061,R1,U16,5,0,
V061,R1,U17,5,0,
V061,R1,U18,5,0,
V061,R1,U19,5,0,
V061,R1,U20,5,0,
V061,R2,U1,4,0,
V061,R2,U2,4,0,
V061,R2,U3,4,0,
V061,R2,U4,5,0,
V061,R2,U5,3,0,
V061,R2,U6,5,0,
V061,R2,U7,5,0,
V061,R2,U8,5,0,
V061,R2,U9,5,0,
V061,R2,U10,5,0,
V061,R2,U11,5,0,
V061,R2,U12,5,0,
V061,R2,U13,5,0,
V061,R2,U14,5,0,
V061,R2,U15,5,0,
V061,R2,U16,5,0,
V061,R2,U17,5,0,
V061,R2,U18,5,0,
V061,R2,U19,5,0,
V061,R2,U20,5,0,
V061,R3,U1,4,0,
V061,R3,U2,4,0,
V061,R3,U3,4,0,
V061,R3,U4,5,0,
V061,R3,U5,4,0,
V061,R3,U6,5,0,
V061,R3,U7,5,0,
V061,R3,U8,4,0,
V061,R3,U9,5,0,
V061,R3,U10,5,0,
V061,R3,U11,5,0,
V061,R3,U12,5,0,
V061,R3,U13,5,0,
V061,R3,U14,5,0,
V061,R3,U15,5,0,
V061,R3,U16,5,0,
V061,R3,U17,5,0,
V061,R3,U18,5,0,
V061,R3,U19,5,0,
V061,R3,U20,5,0,
V061,R4,U1,4,0,
V061,R4,U2,4,0,
V061,R4,U3,4,0,
V061,R4,U4,5,0,
V061,R4,U5,4,0,
V061,R4,U6,5,0,
V061,R4,U7,5,0,
V061,R4,U8,4,0,
V061,R4,U9,5,0,
V061,R4,U10,5,0,
V061,R4,U11,5,0,
V061,R4,U12,4,0,
V061,R4,U13,5,0,
V061,R4,U14,5,0,
V061,R4,U15,5,0,
V061,R4,U16,5,0,
V061,R4,U17,5,0,
V061,R4,U18,5,0,
V061,R4,U19,5,0,
V061,R4,U20,5,0,
V061,R5,U1,4,0,
V061,R5,U2,4,0,
V061,R5,U3,5,0,
V061,R5,U4,5,0,
V061,R5,U5,4,0,
V061,R5,U6,5,0,
V061,R5,U7,5,0,
V061,R5,U8,5,0,
V061,R5,U9,5,0,
V061,R5,U10,5,0,
V061,R5,U11,5,0,
V061,R5,U12,5,0,
V061,R5,U13,5,0,
V061,R5,U14,5,0,
V061,R5,U15,4,0,
V061,R5,U16,5,0,
V061,R5,U17,5,0,
V061,R5,U18,5,0,
V061,R5,U19,5,0,
V061,R5,U20,5,0,
V062,R1,U1,4,0,
V062,R1,U2,4,0,
V062,R1,U3,3,0,
V062,R1,U4,3,0,
V062,R1,U5,5,0,
V062,R1,U6,5,0,
V062,R1,U7,5,0,
V062,R1,U8,5,0,
V062,R1,U9,5,0,
V062,R1,U10,5,0,
V062,R1,U11,5,0,
V062,R1,U12,5,0,
V062,R1,U13,5,0,
V062,R1,U14,5,0,
V062,R1,U15,4,0,
V062,R1,U16,5,0,
V062,R1,U17,5,0,
V062,R1,U18,5,0,
V062,R1,U19,4,0,
V062,R1,U20,4,0,
V062,R2,U1,4,0,
V062,R2,U2,5,0,
V062,R2,U3,4,0,
V062,R2,U4,3,0,
V062,R2,U5,4,0,
V062,R2,U6,5,0,
V062,R2,U7,5,0,
V062,R2,U8,5,0,
V062,R2,U9,4,0,
V062,R2,U10,5,0,
V062,R2,U11,5,0,
V062,R2,U12,5,0,
V062,R2,U13,4,0,
V062,R2,U14,5,0,
V062,R2,U15,4,0,
V062,R2,U16,5,0,
V062,R2,U17,5,0,
V062,R2,U18,5,0,
V062,R2,U19,5,0,
V062,R2,U20,5,0,
V062,R3,U1,4,0,
V062,R3,U2,4,0,
V062,R3,U3,4,0,
V062,R3,U4,3,0,
V062,R3,U5,4,0,
V062,R3,U6,5,0,
V062,R3,U7,5,0,
V062,R3,U8,5,0,
V062,R3,U9,4,0,
V062,R3,U10,5,0,
V062,R3,U11,5,0,
V062,R3,U12,5,0,
V062,R3,U13,4,0,
V062,R3,U14,5,0,
V062,R3,U15,4,0,
V062,R3,U16,5,0,
V062,R3,U17,5,0,
V062,R3,U18,5,0,
V062,R3,U19,5,0,
V062,R3,U20,4,0,
V062,R4,U1,4,0,
V062,R4,U2,4,0,
V062,R4,U3,3,0,
V062,R4,U4,3,0,
V062,R4,U5,4,0,
V062,R4,U6,5,0,
V062,R4,U7,5,0,
V062,R4,U8,5,0,
V062,R4,U9,4,0,
V062,R4,U10,5,0,
V062,R4,U11,5,0,
V062,R4,U12,5,0,
V062,R4,U13,4,0,
V062,R4,U14,5,0,
V062,R4,U15,4,0,
V062,R4,U16,5,0,
V062,R4,U17,5,0,
V062,R4,U18,5,0,
V062,R4,U19,4,0,
V062,R4,U20,4,0,
V062,R5,U1,4,0,
V062,R5,U2,4,0,
V062,R5,U3,4,0,
V062,R5,U4,3,0,
V062,R5,U5,5,0,
V062,R5,U6,5,0,
V062,R5,U7,5,0,
V062,R5,U8,5,0,
V062,R5,U9,4,0,
V062,R5,U10,5,0,
V062,R5,U11,5,0,
V062,R5,U12,5,0,
V062,R5,U13,5,0,
V062,R5,U14,5,0,
V062,R5,U15,4,0,
V062,R5,U16,5,0,
V062,R5,U17,5,0,
V062,R5,U18,5,0,
V062,R5,U19,5,0,
V062,R5,U20,5,0,
V063,R1,U1,4,0,
V063,R1,U2,4,0,
V063,R1,U3,4,0,
V063,R1,U4,4,0,
V063,R1,U5,3,0,
V063,R1,U6,4,0,
V063,R1,U7,4,0,
V063,R1,U8,4,0,
V063,R1,U9,4,0,
V063,R1,U10,4,0,
V063,R1,U11,4,0,
V063,R1,U12,4,0,
V063,R1,U13,4,0,
V063,R1,U14,4,0,
V063,R1,U15,3,0,
V063,R1,U16,5,0,
V063,R1,U17,5,0,
V063,R1,U18,5,0,
V063,R1,U19,4,0,
V063,R1,U20,4,0,
V063,R2,U1,4,0,
V063,R2,U2,4,0,
V063,R2,U3,4,0,
V063,R2,U4,4,0,
V063,R2,U5,4,0,
V063,R2,U6,5,0,
V063,R2,U7,5,0,
V063,R2,U8,5,0,
V063,R2,U9,4,0,
V063,R2,U10,5,0,
V063,R2,U11,5,0,
V063,R2,U12,5,0,
V063,R2,U13,4,0,
V063,R2,U14,5,0,
V063,R2,U15,4,0,
V063,R2,U16,5,0,
V063,R2,U17,5,0,
V063,R2,U18,5,0,
V063,R2,U19,4,0,
V063,R2,U20,4,0,
V063,R3,U1,4,0,
V063,R3,U2,4,0,
V063,R3,U3,2,0,
V063,R3,U4,4,0,
V063,R3,U5,3,0,
V063,R3,U6,4,0,
V063,R3,U7,3,0,
V063,R3,U8,4,0,
V063,R3,U9,3,0,
V063,R3,U10,4,0,
V063,R3,U11,4,0,
V063,R3,U12,4,0,
V063,R3,U13,4,0,
V063,R3,U14,4,0,
V063,R3,U15,3,0,
V063,R3,U16,4,0,
V063,R3,U17,5,0,
V063,R3,U18,5,0,
V063,R3,U19,4,0,
V063,R3,U20,4,0,
V063,R4,U1,4,0,
V063,R4,U2,4,0,
V063,R4,U3,5,0,
V063,R4,U4,4,0,
V063,R4,U5,4,0,
V063,R4,U6,4,0,
V063,R4,U7,4,0,
V063,R4,U8,4,0,
V063,R4,U9,4,0,
V063,R4,U10,4,0,
V063,R4,U11,4,0,
V063,R4,U12,5,0,
V063,R4,U13,4,0,
V063,R4,U14,4,0,
V063,R4,U15,3,0,
V063,R4,U16,5,0,
V063,R4,U17,5,0,
V063,R4,U18,5,0,
V063,R4,U19,4,0,
V063,R4,U20,4,0,
V063,R5,U1,4,0,
V063,R5,U2,4,0,
V063,R5,U3,4,0,
V063,R5,U4,4,0,
V063,R5,U5,5,0,
V063,R5,U6,4,0,
V063,R5,U7,4,0,
V063,R5,U8,4,0,
V063,R5,U9,4,0,
V063,R5,U10,5,0,
V063,R5,U11,5,0,
V063,R5,U12,5,0,
V063,R5,U13,5,0,
V063,R5,U14,5,0,
V063,R5,U15,4,0,
V063,R5,U16,5,0,
V063,R5,U17,5,0,
V063,R5,U18,5,0,
V063,R5,U19,4,0,
V063,R5,U20,5,0,
V064,R1,U1,4,0,
V064,R1,U2,4,0,
V064,R1,U3,5,0,
V064,R1,U4,4,0,
V064,R1,U5,3,0,
V064,R1,U6,4,0,
V064,R1,U7,3,0,
V064,R1,U8,3,0,
V064,R1,U9,4,0,
V064,R1,U10,3,0,
V064,R1,U11,4,0,
V064,R1,U12,3,0,
V064,R1,U13,4,0,
V064,R1,U14,4,0,
V064,R1,U15,4,0,
V064,R1,U16,5,0,
V064,R1,U17,5,0,
V064,R1,U18,5,0,
V064,R1,U19,4,0,
V064,R1,U20,4,0,
V064,R2,U1,4,0,
V064,R2,U2,4,0,
V064,R2,U3,5,0,
V064,R2,U4,4,0,
V064,R2,U5,3,0,
V064,R2,U6,4,0,
V064,R2,U7,4,0,
V064,R2,U8,3,0,
V064,R2,U9,3,0,
V064,R2,U10,3,0,
V064,R2,U11,4,0,
V064,R2,U12,3,0,
V064,R2,U13,4,0,
V064,R2,U14,4,0,
V064,R2,U15,4,0,
V064,R2,U16,5,0,
V064,R2,U17,5,0,
V064,R2,U18,5,0,
V064,R2,U19,4,0,
V064,R2,U20,4,0,
V064,R3,U1,4,0,
V064,R3,U2,4,0,
V064,R3,U3,5,0,
V064,R3,U4,4,0,
V064,R3,U5,3,0,
V064,R3,U6,4,0,
V064,R3,U7,4,0,
V064,R3,U8,3,0,
V064,R3,U9,3,0,
V064,R3,U10,3,0,
V064,R3,U11,4,0,
V064,R3,U12,3,0,
V064,R3,U13,4,0,
V064,R3,U14,3,0,
V064,R3,U15,4,0,
V064,R3,U16,5,0,
V064,R3,U17,5,0,
V064,R3,U18,5,0,
V064,R3,U19,4,0,
V064,R3,U20,4,0,
V064,R4,U1,4,0,
V064,R4,U2,4,0,
V064,R4,U3,5,0,
V064,R4,U4,4,0,
V064,R4,U5,4,0,
V064,R4,U6,4,0,
V064,R4,U7,3,0,
V064,R4,U8,3,0,
V064,R4,U9,3,0,
V064,R4,U10,3,0,
V064,R4,U11,4,0,
V064,R4,U12,3,0,
V064,R4,U13,4,0,
V064,R4,U14,4,0,
V064,R4,U15,5,0,
V064,R4,U16,5,0,
V064,R4,U17,5,0,
V064,R4,U18,5,0,
V064,R4,U19,4,0,
V064,R4,U20,4,0,
V064,R5,U1,4,0,
V064,R5,U2,4,0,
V064,R5,U3,5,0,
V064,R5,U4,4,0,
V064,R5,U5,4,0,
V064,R5,U6,4,0,
V064,R5,U7,3,0,
V064,R5,U8,3,0,
V064,R5,U9,4,0,
V064,R5,U10,3,0,
V064,R5,U11,4,0,
V064,R5,U12,3,0,
V064,R5,U13,4,0,
V064,R5,U14,3,0,
V064,R5,U15,4,0,
V064,R5,U16,5,0,
V064,R5,U17,5,0,
V064,R5,U18,5,0,
V064,R5,U19,5,0,
V064,R5,U20,5,0,
